Time,rep1,rep2,rep3,rep4
0.06000098,0,0,0,0
0.1800009,-0.00090122,0.00058902,0.0001939,-0.0007108
0.3000007,-0.00118421,-0.00058067,-1E-06,-0.0012887
0.4200006,-0.00132897,-0.00132963,0.0006119,-0.0018003
0.5400005,-0.00150784,-0.00225491,0.0002812,-0.0023587
0.6600004,-0.00262159,-0.00338185,4.8E-06,-0.002847
0.7800002,-0.00332602,-0.00417003,-0.0009486,-0.0033948
0.9000001,-0.00412988,-0.00477043,-0.0023284,-0.0039837
1.02,-0.00465094,-0.00533363,-0.0029975,-0.0044949
1.14,-0.00516491,-0.00593793,-0.0033724,-0.0050791
1.26,-0.00569208,-0.00646163,-0.0038575,-0.0055335
1.38,-0.00624119,-0.00700513,-0.0042608,-0.0060653
1.5,-0.00678199,-0.00738203,-0.004717,-0.0066027
1.619999,-0.00736259,-0.00788723,-0.0051307,-0.0070912
1.739999,-0.00796709,-0.00835743,-0.0056588,-0.0075245
1.859999,-0.00854909,-0.00879843,-0.0063543,-0.0079551
1.979999,-0.00903689,-0.00918503,-0.0068496,-0.00843
2.099999,-0.00967629,-0.00956973,-0.0073535,-0.0088637
2.219999,-0.01016859,-0.00992783,-0.0077808,-0.0093557
2.339999,-0.01068899,-0.01021373,-0.0083358,-0.0098741
2.459999,-0.01119079,-0.01063083,-0.0089123,-0.0102582
2.579998,-0.01168379,-0.01096793,-0.009448,-0.0107409
2.699998,-0.01209189,-0.01141043,-0.0099353,-0.0112507
2.819998,-0.01260839,-0.01171643,-0.010378,-0.0116943
2.939998,-0.01319199,-0.01211493,-0.0108883,-0.0121604
3.059998,-0.01363799,-0.01260413,-0.0114213,-0.0125322
3.179998,-0.01410839,-0.01302983,-0.0119421,-0.0129361
3.299998,-0.01450839,-0.01348753,-0.0124263,-0.0133645
3.419998,-0.01499589,-0.01381293,-0.0128849,-0.0138847
3.539997,-0.01548659,-0.01425193,-0.0133262,-0.0142833
3.659997,-0.01596049,-0.01467173,-0.0137896,-0.0147002
3.779997,-0.01641019,-0.01517823,-0.0143233,-0.0150667
3.899997,-0.01682999,-0.01561173,-0.0147755,-0.0154854
4.019997,-0.01726339,-0.01599463,-0.0152058,-0.0159072
4.139997,-0.01767249,-0.01639753,-0.0156857,-0.0162737
4.259997,-0.01815809,-0.01680103,-0.0160207,-0.0166617
4.379997,-0.01851929,-0.01735813,-0.0164907,-0.0170314
4.499996,-0.01894619,-0.01813883,-0.0169567,-0.0174515
4.619996,-0.01935899,-0.01830073,-0.0173622,-0.0178272
4.739996,-0.01987589,-0.01864213,-0.0177477,-0.0182922
4.859996,-0.02028039,-0.01909163,-0.0181426,-0.0186449
4.979996,-0.02061029,-0.01951273,-0.0185606,-0.0189655
5.099996,-0.02102219,-0.01997043,-0.0189853,-0.0193505
5.219996,-0.02135789,-0.02031313,-0.019343,-0.019696
5.339996,-0.02189079,-0.02066023,-0.0196802,-0.0201691
5.459996,-0.02219309,-0.02107333,-0.0200669,-0.0205063
5.579995,-0.02262899,-0.02138603,-0.0204443,-0.0208887
5.699995,-0.02294049,-0.02182193,-0.0208802,-0.021332
5.819995,-0.02332929,-0.02216033,-0.0212558,-0.0215917
5.939995,-0.02376689,-0.02256523,-0.0216401,-0.0219665
6.059995,-0.02417209,-0.02298253,-0.0219667,-0.0223529
6.179995,-0.02459059,-0.02333893,-0.0222949,-0.0226549
6.299995,-0.02496229,-0.02377753,-0.0227175,-0.0229618
6.419995,-0.02538369,-0.02415753,-0.0230705,-0.0233066
6.539994,-0.02559869,-0.02448363,-0.0234421,-0.0236958
6.659994,-0.02591939,-0.02480733,-0.0237574,-0.0240538
6.779994,-0.02638359,-0.02517543,-0.0240892,-0.0243835
6.899994,-0.02671009,-0.02555183,-0.0244596,-0.0247542
7.019994,-0.02707899,-0.02594773,-0.0248432,-0.0250089
7.139994,-0.02738639,-0.02629493,-0.0251527,-0.0253543
7.259994,-0.02778659,-0.02660693,-0.025497,-0.0257274
7.379994,-0.02819719,-0.02703033,-0.0257987,-0.026073
7.499993,-0.02857339,-0.02724593,-0.0261801,-0.0264179
7.619993,-0.02888469,-0.02758433,-0.0265331,-0.0267418
7.739993,-0.02918149,-0.02790983,-0.0268816,-0.0270805
7.859993,-0.02950029,-0.02826873,-0.0271423,-0.0274585
7.979993,-0.02983889,-0.02859983,-0.0274611,-0.0277777
8.099993,-0.03029469,-0.02897833,-0.0277561,-0.028101
8.219993,-0.03053989,-0.02932313,-0.0280854,-0.0283527
8.339993,-0.03077719,-0.02964163,-0.0284582,-0.0286422
8.459992,-0.03108109,-0.02994443,-0.0286996,-0.0289973
8.579992,-0.03136409,-0.03028843,-0.028979,-0.0293003
8.699992,-0.03179579,-0.03050463,-0.0292655,-0.0295748
8.819992,-0.03216219,-0.03083353,-0.0296291,-0.0298251
8.939992,-0.03245049,-0.03116933,-0.0299437,-0.0301488
9.059992,-0.03272789,-0.03149243,-0.0302063,-0.0304648
9.179992,-0.03307019,-0.03174343,-0.0305842,-0.0307759
9.299992,-0.03335899,-0.03209803,-0.0307884,-0.0310286
9.419992,-0.03375629,-0.03240283,-0.0311058,-0.0312945
9.539991,-0.03404219,-0.03277123,-0.0314178,-0.0315986
9.659991,-0.03421159,-0.03305923,-0.0316708,-0.0318897
9.779991,-0.03451729,-0.03327053,-0.0319219,-0.0321968
9.899991,-0.03477099,-0.03355513,-0.0321912,-0.0324946
10.01999,-0.03516179,-0.03386543,-0.0324394,-0.0327536
10.13999,-0.03551989,-0.03423533,-0.0328191,-0.0330001
10.25999,-0.03577289,-0.03451403,-0.0330049,-0.0333043
10.37999,-0.03598979,-0.03473173,-0.0332559,-0.0335914
10.49999,-0.03631349,-0.03499253,-0.0334892,-0.0338679
10.61999,-0.03661869,-0.03506843,-0.0337574,-0.034118
10.73999,-0.03690739,-0.03530243,-0.0341398,-0.0345102
10.85999,-0.03723109,-0.03561043,-0.0343261,-0.0346401
10.97999,-0.03738049,-0.03590923,-0.0345736,-0.0349452
11.09999,-0.03764269,-0.03613763,-0.0347972,-0.0352105
11.21999,-0.03790039,-0.03637873,-0.0350306,-0.0354649
11.33999,-0.03821129,-0.03667593,-0.0353308,-0.0356232
11.45999,-0.03851289,-0.03699243,-0.0356663,-0.0359086
11.57999,-0.03871769,-0.03726213,-0.0357972,-0.0362176
11.69999,-0.03890899,-0.03751173,-0.0359527,-0.0364908
11.81999,-0.03917969,-0.03772353,-0.0362436,-0.0367096
11.93999,-0.03950939,-0.03792413,-0.036514,-0.0369299
12.05999,-0.03976629,-0.03821983,-0.0367828,-0.0371472
12.17999,-0.04007859,-0.03848123,-0.0370479,-0.0374358
12.29999,-0.04021589,-0.03870583,-0.0372127,-0.0376967
12.41999,-0.04046239,-0.03899943,-0.0374258,-0.0379217
12.53999,-0.04071709,-0.03919163,-0.0376407,-0.0381219
12.65999,-0.04101539,-0.03939103,-0.0378812,-0.0383399
12.77999,-0.04124429,-0.03965043,-0.038133,-0.0386036
12.89999,-0.04140889,-0.04000203,-0.038375,-0.0388661
13.01999,-0.04164849,-0.04006013,-0.0385308,-0.0390673
13.13999,-0.04192289,-0.04027713,-0.0386911,-0.0392715
13.25999,-0.04218299,-0.04054463,-0.038983,-0.0394427
13.37999,-0.04243339,-0.04086143,-0.039223,-0.0396554
13.49999,-0.04268029,-0.04108303,-0.0394334,-0.0398928
13.61999,-0.04283639,-0.04130073,-0.0395659,-0.0401322
13.73999,-0.04306519,-0.04149813,-0.0397816,-0.0404163
13.85999,-0.04331629,-0.04170493,-0.0400032,-0.0405521
13.97999,-0.04354979,-0.04196883,-0.0402003,-0.0407994
14.09999,-0.04375579,-0.04221853,-0.0403794,-0.0409544
14.21999,-0.04396729,-0.04244533,-0.0405995,-0.0412028
14.33999,-0.04416349,-0.04262233,-0.0407518,-0.0414247
14.45999,-0.04441749,-0.04281313,-0.0409538,-0.0415783
14.57999,-0.04463599,-0.04300903,-0.0412219,-0.0417339
14.69999,-0.04486549,-0.04329273,-0.0413902,-0.0419721
14.81999,-0.04500549,-0.04347393,-0.0415483,-0.0422192
14.93999,-0.04523859,-0.04363213,-0.0417149,-0.0424258
15.05999,-0.04535499,-0.04384473,-0.0418817,-0.0425892
15.17999,-0.04561669,-0.04403993,-0.0421147,-0.0427357
15.29999,-0.04584249,-0.04425033,-0.0423151,-0.0429658
15.41999,-0.04598489,-0.04446003,-0.0424101,-0.0431692
15.53999,-0.04617859,-0.04461323,-0.0425772,-0.0433567
15.65999,-0.04640509,-0.04473783,-0.0427676,-0.0435258
15.77999,-0.04664829,-0.04493893,-0.0429757,-0.043746
15.89998,-0.04683959,-0.04519043,-0.0431283,-0.0439025
16.01998,-0.04696699,-0.04541583,-0.0433071,-0.0440593
16.13998,-0.04709129,-0.04564513,-0.0434347,-0.0443173
16.25998,-0.04733629,-0.04572803,-0.0435959,-0.0444244
16.37998,-0.04747859,-0.04591023,-0.0437487,-0.0446485
16.49998,-0.04771059,-0.04611593,-0.0439391,-0.0448088
16.61998,-0.04789589,-0.04627783,-0.0441367,-0.0449934
16.73998,-0.04793669,-0.04652173,-0.0442601,-0.0451734
16.85998,-0.04814169,-0.04662553,-0.0444145,-0.0453275
16.97998,-0.04831769,-0.04682123,-0.0445493,-0.0454428
17.09998,-0.04860669,-0.04698573,-0.044752,-0.0455676
17.21998,-0.04874199,-0.04718603,-0.0449083,-0.0456927
17.33998,-0.04887369,-0.04734243,-0.0450112,-0.0459331
17.45998,-0.04900809,-0.04754123,-0.0451423,-0.0461583
17.57998,-0.04921899,-0.04760343,-0.0453288,-0.0462731
17.69998,-0.04939899,-0.04776353,-0.0455236,-0.0463635
17.81998,-0.04951039,-0.04795623,-0.0456712,-0.0465325
17.93998,-0.04968189,-0.04817303,-0.0458502,-0.046736
18.05998,-0.04978119,-0.04833373,-0.0459358,-0.0469048
18.17998,-0.04994599,-0.04843553,-0.0460197,-0.0470626
18.29998,-0.05008499,-0.04858233,-0.0462065,-0.0471483
18.41998,-0.05034399,-0.04875423,-0.0463268,-0.0472857
18.53998,-0.05045309,-0.04893793,-0.0464567,-0.0474152
18.65998,-0.05055609,-0.04907293,-0.0465651,-0.0476259
18.77998,-0.05072539,-0.04919643,-0.0466916,-0.0477608
18.89998,-0.05089859,-0.04936883,-0.0468701,-0.0479046
19.01998,-0.05109829,-0.04949413,-0.0469707,-0.0480444
19.13998,-0.05119799,-0.04972113,-0.0471212,-0.0481559
19.25998,-0.05133779,-0.04983743,-0.0473133,-0.0483384
19.37998,-0.05144899,-0.04996983,-0.0474112,-0.0484894
19.49998,-0.05157949,-0.05006893,-0.0474602,-0.0486067
19.61998,-0.05178779,-0.05022793,-0.0476195,-0.0487229
19.73998,-0.05194509,-0.05038393,-0.0477414,-0.0488476
19.85998,-0.05203899,-0.05054323,-0.0478523,-0.0489724
19.97998,-0.05214699,-0.05066963,-0.0479226,-0.0491476
20.09998,-0.05230389,-0.05076173,-0.0480648,-0.0492477
20.21998,-0.05244259,-0.05087463,-0.048217,-0.0493465
20.33998,-0.05262249,-0.05102433,-0.0483301,-0.0494515
20.45998,-0.05274889,-0.05119293,-0.0484327,-0.0495831
20.57998,-0.05279119,-0.05133863,-0.0484844,-0.0497552
20.69998,-0.05291809,-0.05148283,-0.0486116,-0.0498615
20.81998,-0.05302549,-0.05154913,-0.0487377,-0.0499737
20.93998,-0.05321069,-0.05168713,-0.0488655,-0.0502014
21.05998,-0.05335509,-0.05181633,-0.0489891,-0.0501558
21.17998,-0.05345409,-0.05197743,-0.0490955,-0.0504312
21.29998,-0.05355259,-0.05209863,-0.0491642,-0.0504903
21.41998,-0.05368869,-0.05215653,-0.0492957,-0.0505898
21.53998,-0.05380129,-0.05233903,-0.0494501,-0.0506613
21.65998,-0.05397029,-0.05239023,-0.049522,-0.0507495
21.77998,-0.05400349,-0.05257203,-0.0496143,-0.0509146
21.89998,-0.05405879,-0.05262113,-0.049673,-0.0510524
22.01998,-0.05417299,-0.05268283,-0.0497725,-0.0511369
22.13998,-0.05436019,-0.05298013,-0.049939,-0.051208
22.25998,-0.05454409,-0.05300933,-0.0500308,-0.051286
22.37998,-0.05467189,-0.05310533,-0.0501433,-0.0514913
22.49998,-0.05465649,-0.05321973,-0.0501483,-0.0515814
22.61998,-0.05476649,-0.05337203,-0.0502882,-0.0516801
22.73998,-0.05493049,-0.05337573,-0.0503993,-0.0517741
22.85998,-0.05503939,-0.05349883,-0.0504966,-0.0518457
22.97998,-0.05517049,-0.05362953,-0.050563,-0.0519271
23.09998,-0.05523099,-0.05376673,-0.0506551,-0.0521316
23.21998,-0.05529709,-0.05382443,-0.0506957,-0.0522646
23.33998,-0.05542779,-0.05391173,-0.0508149,-0.0523563
23.45998,-0.05558249,-0.05399993,-0.0509379,-0.0523114
23.57998,-0.05565379,-0.05416813,-0.0510164,-0.0523918
23.69998,-0.05575729,-0.05426403,-0.0510392,-0.0525131
23.81998,-0.05580079,-0.05446063,-0.0511076,-0.0526401
23.93998,-0.05590129,-0.05441873,-0.0511542,-0.0527599
24.05998,-0.05602759,-0.05447393,-0.051322,-0.0527869
24.17998,-0.05612859,-0.05455413,-0.0513935,-0.0529
24.29998,-0.05629109,-0.05474353,-0.0514871,-0.0530265
24.41998,-0.05633299,-0.05490303,-0.0516462,-0.0531064
24.53998,-0.05632179,-0.05496433,-0.0515928,-0.0532043
24.65998,-0.05642659,-0.05499383,-0.0516916,-0.0532978
24.77998,-0.05658509,-0.05508083,-0.0518119,-0.0532971
24.89998,-0.05662609,-0.05519953,-0.0519013,-0.0533757
25.01998,-0.05673649,-0.05526463,-0.0519403,-0.05351
25.13998,-0.05674659,-0.05530253,-0.052043,-0.0535906
25.25998,-0.05680789,-0.05537773,-0.0520997,-0.0536791
25.37998,-0.05698149,-0.05545923,-0.0521866,-0.0537461
25.49998,-0.05705559,-0.05559513,-0.0522097,-0.053813
25.61998,-0.05716679,-0.05570093,-0.0522197,-0.053912
25.73997,-0.05717889,-0.05576363,-0.0523039,-0.0540177
25.85997,-0.05726579,-0.05580883,-0.0523625,-0.05408
25.97997,-0.05736559,-0.05583073,-0.0524659,-0.0541695
26.09997,-0.05745309,-0.05598943,-0.0525797,-0.0541964
26.21997,-0.05756749,-0.05607763,-0.0525855,-0.0542921
26.33997,-0.05760799,-0.05616693,-0.0526123,-0.0543677
26.45997,-0.05767579,-0.05616803,-0.0527364,-0.0544135
26.57997,-0.05776839,-0.05625763,-0.0529313,-0.0544835
26.69997,-0.05793339,-0.05633373,-0.0528754,-0.0545331
26.81997,-0.05792269,-0.05645203,-0.0529073,-0.0545871
26.93997,-0.05798819,-0.05653743,-0.0529018,-0.0547314
27.05997,-0.05801419,-0.05658663,-0.0529932,-0.054763
27.17997,-0.05808749,-0.05665533,-0.0531268,-0.0548335
27.29997,-0.05822759,-0.05669173,-0.0532383,-0.0548539
27.41997,-0.05828189,-0.05677533,-0.0532834,-0.0549099
27.53997,-0.05835099,-0.05692273,-0.0532352,-0.054988
27.65997,-0.05837909,-0.05701203,-0.053266,-0.0550988
27.77997,-0.05846429,-0.05693243,-0.0533682,-0.0551808
27.89997,-0.05853639,-0.05699063,-0.0534549,-0.0552231
28.01997,-0.05862299,-0.05718793,-0.0534602,-0.0552432
28.13997,-0.05870139,-0.05726893,-0.0535063,-0.0553287
28.25997,-0.05873759,-0.05725463,-0.0535449,-0.0554415
28.37997,-0.05874499,-0.05730123,-0.0536213,-0.0554732
28.49997,-0.05898759,-0.05732733,-0.0536932,-0.0554941
28.61997,-0.05946449,-0.05738793,-0.0537701,-0.0555325
28.73997,-0.05932729,-0.05752953,-0.0537842,-0.0555821
28.85997,-0.05927439,-0.05760533,-0.0537695,-0.0557147
28.97997,-0.05936039,-0.05764443,-0.05384,-0.0557516
29.09997,-0.05923349,-0.05768003,-0.0539491,-0.0557855
29.21997,-0.05920449,-0.05772243,-0.0540051,-0.0558446
29.33997,-0.05927609,-0.05785383,-0.0540371,-0.0558951
29.45997,-0.05934119,-0.05793003,-0.0541869,-0.0559238
29.57997,-0.05935769,-0.05797843,-0.0540899,-0.0560582
29.69997,-0.05944009,-0.05798673,-0.0543128,-0.0561484
29.81997,-0.05954969,-0.05805053,-0.0546911,-0.0560737
29.93997,-0.05960039,-0.05804753,-0.0546517,-0.0561653
30.05997,-0.05966039,-0.05818563,-0.0546474,-0.0562321
30.17997,-0.05971409,-0.05822943,-0.0546851,-0.0563129
30.29997,-0.05977729,-0.05824073,-0.054376,-0.0563617
30.41997,-0.05985049,-0.05829563,-0.0544665,-0.0563494
30.53997,-0.05992069,-0.05836583,-0.0545216,-0.0563708
30.65997,-0.05998109,-0.05846203,-0.0545112,-0.0564585
30.77997,-0.05999489,-0.05850323,-0.0545475,-0.0565575
30.89997,-0.06002679,-0.05855643,-0.0546011,-0.0565835
31.01997,-0.06006859,-0.05856663,-0.0546715,-0.0566541
31.13997,-0.06020419,-0.05860613,-0.0547509,-0.0566359
31.25997,-0.06026529,-0.05869933,-0.0547634,-0.0566659
31.37997,-0.06034719,-0.05876763,-0.0547915,-0.0567505
31.49997,-0.06020629,-0.05881433,-0.0548161,-0.0567802
31.61997,-0.06032889,-0.05881743,-0.0548382,-0.0568306
31.73997,-0.06035369,-0.05882503,-0.0549584,-0.0567934
31.85997,-0.06038419,-0.05889713,-0.0549827,-0.0568463
31.97997,-0.06041479,-0.05900013,-0.0550057,-0.056926
32.09997,-0.06043349,-0.05902383,-0.0550161,-0.0570046
32.21997,-0.06054159,-0.05904673,-0.0550229,-0.0570515
32.33997,-0.06060139,-0.05907643,-0.0551136,-0.0570499
32.45997,-0.06067539,-0.05910413,-0.0551614,-0.0570865
32.57997,-0.06075569,-0.05922803,-0.0551421,-0.0570854
32.69997,-0.06078539,-0.05931383,-0.0551255,-0.0572244
32.81997,-0.06070409,-0.05923883,-0.0551405,-0.0572488
32.93997,-0.06070099,-0.05922843,-0.0552376,-0.0572423
33.05997,-0.06078699,-0.05925933,-0.0553377,-0.0572696
33.17997,-0.06089289,-0.05937523,-0.0554332,-0.057337
33.29997,-0.06093659,-0.05951033,-0.0554537,-0.057374
33.41997,-0.06091959,-0.05949723,-0.0553072,-0.0574497
33.53997,-0.06095429,-0.05949373,-0.0553742,-0.0574946
33.65997,-0.06105029,-0.05955223,-0.0554411,-0.0574757
33.77997,-0.06111709,-0.05961033,-0.0554644,-0.0574787
33.89997,-0.06114139,-0.05967033,-0.0554878,-0.0575456
34.01997,-0.06117629,-0.05966843,-0.0554734,-0.057651
34.13997,-0.06112779,-0.05966673,-0.0555275,-0.0578491
34.25997,-0.06113229,-0.05966043,-0.0556263,-0.0576466
34.37997,-0.06122519,-0.05974053,-0.0556538,-0.0576613
34.49997,-0.06125689,-0.05981503,-0.055788,-0.0576999
34.61997,-0.06121449,-0.05989053,-0.0556445,-0.0578234
34.73997,-0.06127669,-0.05988193,-0.0556913,-0.0578935
34.85997,-0.06135529,-0.05988533,-0.0557353,-0.0578967
34.97997,-0.06144549,-0.05993733,-0.0558035,-0.05791
35.09997,-0.06147819,-0.05999003,-0.0557973,-0.0579781
35.21997,-0.06150469,-0.06002523,-0.0557766,-0.0580133
35.33997,-0.06151289,-0.06005163,-0.0557765,-0.0580704
35.45997,-0.06156979,-0.06003153,-0.0558279,-0.0580761
35.57997,-0.06154839,-0.06007703,-0.0559125,-0.0580722
35.69996,-0.06160239,-0.06008593,-0.05594,-0.0581042
35.81996,-0.06159639,-0.06017883,-0.0559428,-0.0581436
35.93996,-0.06163809,-0.06016333,-0.0559325,-0.0581948
36.05996,-0.06167269,-0.06018553,-0.0559506,-0.0583157
36.17996,-0.06172069,-0.06018083,-0.0560172,-0.0581492
36.29996,-0.06175649,-0.06023373,-0.0560337,-0.0581313
36.41996,-0.06180879,-0.06030793,-0.0560391,-0.058218
36.53996,-0.06188119,-0.06035243,-0.0560317,-0.0583068
36.65996,-0.06181129,-0.06036873,-0.056067,-0.0583552
36.77996,-0.06192999,-0.06033653,-0.0560857,-0.0583566
36.89996,-0.06194039,-0.06035563,-0.0561649,-0.0583903
37.01996,-0.06197489,-0.06042263,-0.0561667,-0.0583694
37.13996,-0.06197689,-0.06048113,-0.0561344,-0.0584421
37.25996,-0.06195019,-0.06049173,-0.0561151,-0.0584574
37.37996,-0.06199449,-0.06051733,-0.0562029,-0.0584634
37.49996,-0.06204249,-0.06047963,-0.0562579,-0.0583957
37.61996,-0.06209089,-0.06053153,-0.0563095,-0.0584361
37.73996,-0.06209009,-0.06065613,-0.0562944,-0.0585148
37.85996,-0.06206899,-0.06069663,-0.0562622,-0.0585868
37.97996,-0.06216569,-0.06060743,-0.0563068,-0.0585677
38.09996,-0.06224629,-0.06067123,-0.0563708,-0.0585612
38.21996,-0.06219479,-0.06066253,-0.0563843,-0.0585686
38.33996,-0.06220309,-0.06070733,-0.0563638,-0.0586209
38.45996,-0.06222049,-0.06076783,-0.0563532,-0.0586924
38.57996,-0.06220239,-0.06076813,-0.0563756,-0.0586911
38.69996,-0.06222889,-0.06071793,-0.0564588,-0.0586778
38.81996,-0.06231719,-0.06073933,-0.0564892,-0.0586783
38.93996,-0.06233439,-0.06081743,-0.0564733,-0.0587082
39.05996,-0.06233119,-0.06083203,-0.056444,-0.0587617
39.17996,-0.06233849,-0.06091123,-0.0564208,-0.0587966
39.29996,-0.06234019,-0.06087473,-0.0564235,-0.0587797
39.41996,-0.06240659,-0.06088243,-0.0564994,-0.0587849
39.53996,-0.06249409,-0.06096343,-0.0566072,-0.0588032
39.65996,-0.06247789,-0.06102443,-0.0566165,-0.0589805
39.77996,-0.06244019,-0.06104463,-0.0566017,-0.058931
39.89996,-0.06245749,-0.06102173,-0.0565748,-0.0589455
40.01996,-0.06252399,-0.06103633,-0.0565982,-0.0588794
40.13996,-0.06259999,-0.06103763,-0.0566715,-0.0589341
40.25996,-0.06262039,-0.06112033,-0.0567594,-0.0590242
40.37996,-0.06264499,-0.06115953,-0.0566504,-0.0591078
40.49996,-0.06258739,-0.06113803,-0.0566352,-0.059057
40.61996,-0.06265359,-0.06111093,-0.0566752,-0.0590154
40.73996,-0.06267879,-0.06112093,-0.0567085,-0.0590071
40.85996,-0.06272799,-0.06120223,-0.0566932,-0.0590852
40.97996,-0.06272749,-0.06119083,-0.0567032,-0.0591138
41.09996,-0.06271459,-0.06122853,-0.0566572,-0.0592346
41.21996,-0.06273319,-0.06117043,-0.0566891,-0.0591106
41.33996,-0.06277499,-0.06120123,-0.0567584,-0.0591351
41.45996,-0.06283939,-0.06127573,-0.0567648,-0.0590946
41.57996,-0.06284099,-0.06132693,-0.0567442,-0.0591908
41.69996,-0.06282569,-0.06136143,-0.0567456,-0.0592334
41.81996,-0.06287739,-0.06128163,-0.056749,-0.0592513
41.93996,-0.06287329,-0.06126803,-0.0568579,-0.0592126
42.05996,-0.06291709,-0.06130353,-0.0568258,-0.05923
42.17996,-0.06293429,-0.06137813,-0.0568701,-0.0592706
42.29996,-0.06298219,-0.06139613,-0.0568097,-0.0592887
42.41996,-0.06291629,-0.06140303,-0.0568788,-0.0593338
42.53996,-0.06294159,-0.06138233,-0.0568906,-0.0592794
42.65996,-0.06301149,-0.06141973,-0.0568919,-0.0593123
42.77996,-0.06301779,-0.06150033,-0.0569207,-0.0593089
42.89996,-0.06304299,-0.06161803,-0.0570263,-0.0593668
43.01996,-0.06299769,-0.06148043,-0.0570051,-0.0593289
43.13996,-0.06302359,-0.06145033,-0.0569366,-0.0593002
43.25996,-0.06310169,-0.06146713,-0.0569921,-0.0592993
43.37996,-0.06308879,-0.06150263,-0.0570173,-0.0593362
43.49996,-0.06309699,-0.06156543,-0.0569983,-0.0593725
43.61996,-0.06306919,-0.06157893,-0.0570106,-0.0594175
43.73996,-0.06311289,-0.06158333,-0.0570692,-0.0594004
43.85996,-0.06312979,-0.06153553,-0.0571421,-0.0593827
43.97996,-0.06319039,-0.06153953,-0.0571291,-0.0593984
44.09996,-0.06319099,-0.06162573,-0.0570812,-0.0594322
44.21996,-0.06315169,-0.06167093,-0.0571063,-0.0594734
44.33996,-0.06313649,-0.06160393,-0.0571087,-0.0594749
44.45996,-0.06313309,-0.06170283,-0.0570717,-0.0594342
44.57996,-0.06322609,-0.06161433,-0.0570889,-0.05944
44.69996,-0.06323529,-0.06168273,-0.0571321,-0.0594707
44.81996,-0.06321439,-0.06172063,-0.0571001,-0.0595306
44.93996,-0.06321709,-0.06176923,-0.0570678,-0.0595213
45.05996,-0.06326139,-0.06173653,-0.0571063,-0.0595205
45.17996,-0.06328619,-0.06177953,-0.0571807,-0.0595213
45.29996,-0.06328879,-0.06178783,-0.057195,-0.0595174
45.41996,-0.06330559,-0.06183963,-0.0571661,-0.0595711
45.53995,-0.06327069,-0.06185583,-0.0571453,-0.059607
45.65995,-0.06329889,-0.06180903,-0.0572427,-0.059592
45.77995,-0.06332509,-0.06182633,-0.0572165,-0.0595439
45.89995,-0.06330279,-0.06178963,-0.0572179,-0.0595585
46.01995,-0.06334719,-0.06182423,-0.0571703,-0.0595781
46.13995,-0.06331249,-0.06187273,-0.0571401,-0.0597065
46.25995,-0.06329089,-0.06182033,-0.0572231,-0.0597182
46.37995,-0.06331399,-0.06180383,-0.0572557,-0.059602
46.49995,-0.06340579,-0.06181103,-0.0572658,-0.0596102
46.61995,-0.06336559,-0.06188623,-0.0572643,-0.0596473
46.73995,-0.06338859,-0.06191213,-0.0572346,-0.0596935
46.85995,-0.06346349,-0.06192203,-0.0572943,-0.0596997
46.97995,-0.06339729,-0.06186083,-0.0572655,-0.0596964
47.09995,-0.06343529,-0.06190673,-0.0573396,-0.0596459
47.21995,-0.06347569,-0.06194193,-0.0573631,-0.0596371
47.33995,-0.06345889,-0.06196803,-0.0573191,-0.0597574
47.45995,-0.06343369,-0.06197213,-0.0573223,-0.0597482
47.57995,-0.06344839,-0.06194333,-0.0573522,-0.0597234
47.69995,-0.06347999,-0.06199693,-0.0573974,-0.0596821
47.81995,-0.06354879,-0.06196523,-0.0573914,-0.0596882
47.93995,-0.06355159,-0.06214183,-0.0573491,-0.0597481
48.05995,-0.06355299,-0.06207643,-0.0573694,-0.05975
48.17995,-0.06354089,-0.06199033,-0.0573555,-0.0597951
48.29995,-0.06356309,-0.06201213,-0.0573555,-0.0597505
48.41995,-0.06362029,-0.06202453,-0.0574088,-0.0597514
48.53995,-0.06360769,-0.06207693,-0.057396,-0.0597723
48.65995,-0.06362349,-0.06207533,-0.0573428,-0.0598328
48.77995,-0.06360459,-0.06204713,-0.0573989,-0.0598509
48.89995,-0.06359659,-0.06204223,-0.0574024,-0.0598048
49.01995,-0.06363779,-0.06206723,-0.0574446,-0.0598108
49.13995,-0.06365289,-0.06213503,-0.05742,-0.0598312
49.25995,-0.06365459,-0.06216983,-0.057426,-0.0598473
49.37995,-0.06357789,-0.06210523,-0.0573482,-0.0598911
49.49995,-0.06362609,-0.06208153,-0.0573917,-0.0598768
49.61995,-0.06362539,-0.06210103,-0.0574885,-0.0598462
49.73995,-0.06366179,-0.06210073,-0.0575985,-0.0598556
49.85995,-0.06369059,-0.06214613,-0.0574052,-0.0598902
49.97995,-0.06365749,-0.06217423,-0.0573785,-0.0599155
50.09995,-0.06362339,-0.06212643,-0.0573984,-0.0599544
50.21995,-0.06364779,-0.06213433,-0.0575079,-0.0598995
50.33995,-0.06372109,-0.06212633,-0.0575239,-0.0598854
50.45995,-0.06386449,-0.06217243,-0.0575004,-0.0598568
50.57995,-0.06374999,-0.06221323,-0.0574994,-0.0599509
50.69995,-0.06369379,-0.06219133,-0.0575195,-0.0599674
50.81995,-0.06367999,-0.06214943,-0.0575197,-0.0599213
50.93995,-0.06372539,-0.06216093,-0.0575566,-0.0598764
51.05995,-0.06379749,-0.06225533,-0.0575205,-0.0599002
51.17995,-0.06378109,-0.06226883,-0.0574946,-0.0599412
51.29995,-0.06374699,-0.06227383,-0.0575093,-0.059954
51.41995,-0.06375739,-0.06215603,-0.0575329,-0.059945
51.53995,-0.06375309,-0.06222553,-0.0575477,-0.0599033
51.65995,-0.06380849,-0.06223823,-0.0575661,-0.0599372
51.77995,-0.06383969,-0.06225413,-0.0575573,-0.0600993
51.89995,-0.06384299,-0.06224403,-0.0575377,-0.0600375
52.01995,-0.06372779,-0.06223433,-0.0575157,-0.0599721
52.13995,-0.06375219,-0.06219343,-0.057568,-0.059997
52.25995,-0.06377089,-0.06223533,-0.0575988,-0.0599496
52.37995,-0.06382549,-0.06231913,-0.057573,-0.0599804
52.49995,-0.06386209,-0.06231203,-0.0575428,-0.0600378
52.61995,-0.06383589,-0.06227833,-0.0575477,-0.0600257
52.73995,-0.06381269,-0.06228583,-0.0576057,-0.0600252
52.85995,-0.06381859,-0.06226393,-0.0576421,-0.0599756
52.97995,-0.06388249,-0.06237683,-0.0576086,-0.0599536
53.09995,-0.06389779,-0.06239453,-0.0575642,-0.0600122
53.21995,-0.06384159,-0.06236673,-0.0575618,-0.0600724
53.33995,-0.06386369,-0.06230423,-0.0576448,-0.0600686
53.45995,-0.06383609,-0.06230863,-0.0577549,-0.0599908
53.57995,-0.06389859,-0.06235383,-0.0576198,-0.059994
53.69995,-0.06393489,-0.06242493,-0.0575695,-0.0600225
53.81995,-0.06392379,-0.06239973,-0.0575429,-0.0600742
53.93995,-0.06389689,-0.06234133,-0.0575945,-0.0600529
54.05995,-0.06389429,-0.06234303,-0.0576624,-0.060022
54.17995,-0.06393119,-0.06236993,-0.0576432,-0.059992
54.29995,-0.06393119,-0.06241633,-0.0576102,-0.0599847
54.41995,-0.06391419,-0.06244433,-0.0575681,-0.0600481
54.53995,-0.06387299,-0.06240123,-0.0576161,-0.0600498
54.65995,-0.06389509,-0.06237473,-0.0576286,-0.0600349
54.77995,-0.06392059,-0.06241423,-0.0577289,-0.0599822
54.89995,-0.06395799,-0.06243123,-0.0575588,-0.0599985
55.01995,-0.06392059,-0.06242273,-0.0575376,-0.0600455
55.13995,-0.06392969,-0.06239843,-0.0575786,-0.0600951
55.25995,-0.06389519,-0.06240353,-0.0576644,-0.060109
55.37994,-0.06393419,-0.06241163,-0.0576899,-0.0600614
55.49994,-0.06394229,-0.06245143,-0.0576146,-0.0600155
55.61994,-0.06398839,-0.06245473,-0.0575741,-0.0600088
55.73994,-0.06400859,-0.06241913,-0.0575597,-0.0600919
55.85994,-0.06389559,-0.06238173,-0.0575969,-0.0600916
55.97994,-0.06390449,-0.06241323,-0.057639,-0.0601187
56.09994,-0.06392009,-0.06239953,-0.0576456,-0.0602103
56.21994,-0.06393919,-0.06241813,-0.0576055,-0.0601441
56.33994,-0.06400069,-0.06247683,-0.0575807,-0.0601231
56.45994,-0.06393879,-0.06242243,-0.0575867,-0.0601308
56.57994,-0.06392719,-0.06241903,-0.0576386,-0.0601238
56.69994,-0.06392589,-0.06244293,-0.0576741,-0.0600716
56.81994,-0.06401279,-0.06250463,-0.057604,-0.0602363
56.93994,-0.06404529,-0.06251773,-0.0576277,-0.0603102
57.05994,-0.06397769,-0.06249123,-0.0578246,-0.0601673
57.17994,-0.06388959,-0.06243763,-0.0577199,-0.0601846
57.29994,-0.06392369,-0.06250763,-0.0576601,-0.0601007
57.41994,-0.06399999,-0.06254353,-0.0576804,-0.0601641
57.53994,-0.06401039,-0.06253313,-0.0576586,-0.0600514
57.65994,-0.06398699,-0.06252283,-0.0576696,-0.0601384
57.77994,-0.06401569,-0.06250023,-0.0576622,-0.0600967
57.89994,-0.06398689,-0.06259113,-0.057671,-0.0600988
58.01994,-0.06417469,-0.06270483,-0.0576626,-0.0601337
58.13994,-0.06418669,-0.06256643,-0.0575697,-0.0601398
58.25994,-0.06403689,-0.06255143,-0.0576294,-0.0601965
58.37994,-0.06399649,-0.06250973,-0.0576693,-0.0601994
58.49994,-0.06398629,-0.06248503,-0.0577115,-0.0601787
58.61994,-0.06404039,-0.06258333,-0.0576978,-0.0601589
58.73994,-0.06412069,-0.06260483,-0.0576506,-0.0601073
58.85994,-0.06411669,-0.06257943,-0.0576448,-0.0601161
58.97994,-0.06409859,-0.06251163,-0.0576693,-0.0601457
59.09994,-0.06409059,-0.06245403,-0.0577171,-0.0601278
59.21994,-0.06404869,-0.06248003,-0.0577307,-0.0601217
59.33994,-0.06413079,-0.06255613,-0.0577252,-0.0600991
59.45994,-0.06412019,-0.06253383,-0.0576532,-0.0601381
59.57994,-0.06410909,-0.06254183,-0.057658,-0.0601737
59.69994,-0.06404279,-0.06251503,-0.057731,-0.0601534
59.81994,-0.06406679,-0.06254283,-0.0578173,-0.0601839
59.93994,-0.06410689,-0.06254253,-0.0577067,-0.060133
60.05994,-0.06414629,-0.06259753,-0.0576796,-0.0601684
60.17994,-0.06415329,-0.06257793,-0.0576508,-0.0601864
60.29994,-0.06408699,-0.06258063,-0.0577113,-0.0601674
60.41994,-0.06416049,-0.06252913,-0.0577511,-0.0601773
60.53994,-0.06426059,-0.06251493,-0.0577358,-0.0601504
60.65994,-0.06414699,-0.06257953,-0.0576884,-0.0601545
60.77994,-0.06408029,-0.06264683,-0.0577049,-0.060161
60.89994,-0.06407469,-0.06260433,-0.0577011,-0.0602399
61.01994,-0.06407549,-0.06251973,-0.0577542,-0.060191
61.13994,-0.06414089,-0.06254123,-0.0577357,-0.0601757
61.25994,-0.06410599,-0.06260533,-0.0577213,-0.0601852
61.37994,-0.06416079,-0.06259213,-0.0576892,-0.0601585
61.49994,-0.06415649,-0.06259963,-0.0577111,-0.0602192
61.61994,-0.06405829,-0.06255143,-0.0577576,-0.0602035
61.73994,-0.06403849,-0.06254483,-0.057769,-0.0601854
61.85994,-0.06407219,-0.06255813,-0.0577291,-0.0601908
61.97994,-0.06416379,-0.06258873,-0.0577953,-0.0602078
62.09994,-0.06418799,-0.06261213,-0.0578064,-0.0602593
62.21994,-0.06410939,-0.06265403,-0.0577906,-0.0602591
62.33994,-0.06406589,-0.06255933,-0.0577226,-0.0602691
62.45994,-0.06406139,-0.06258533,-0.0576907,-0.0602642
62.57994,-0.06415319,-0.06265273,-0.0575944,-0.0603082
62.69994,-0.06411799,-0.06263663,-0.0576764,-0.0601882
62.81994,-0.06408349,-0.06263253,-0.0577837,-0.0602227
62.93994,-0.06404389,-0.06263763,-0.0577634,-0.0602948
63.05994,-0.06407099,-0.06268723,-0.0577796,-0.0602265
63.17994,-0.06409369,-0.06268953,-0.057726,-0.0601764
63.29994,-0.06413969,-0.06269813,-0.0577486,-0.0602474
63.41994,-0.06415629,-0.06269503,-0.0577869,-0.0602352
63.53994,-0.06410819,-0.06260993,-0.0577604,-0.0602702
63.65994,-0.06408769,-0.06267793,-0.057741,-0.0602558
63.77994,-0.06407919,-0.06268303,-0.0576827,-0.0601904
63.89994,-0.06413829,-0.06274933,-0.0576944,-0.0602168
64.01994,-0.06416489,-0.06269553,-0.0577477,-0.0602688
64.13994,-0.06408499,-0.06265993,-0.057763,-0.060305
64.25994,-0.06409019,-0.06266453,-0.0577569,-0.0603619
64.37994,-0.06410529,-0.06265913,-0.0577429,-0.0602569
64.49994,-0.06416459,-0.06270443,-0.0577222,-0.0602055
64.61994,-0.06415499,-0.06270183,-0.0577714,-0.0602251
64.73994,-0.06411509,-0.06265853,-0.0577731,-0.0602919
64.85994,-0.06408279,-0.06262413,-0.057812,-0.0603052
64.97994,-0.06409699,-0.06261673,-0.0577498,-0.0602714
65.09994,-0.06411819,-0.06270113,-0.0576949,-0.0602343
65.21994,-0.06416659,-0.06269053,-0.0576743,-0.060263
65.33993,-0.06423679,-0.06268473,-0.0577518,-0.0603188
65.45993,-0.06418239,-0.06262933,-0.0577589,-0.0603559
65.57993,-0.06410539,-0.06264923,-0.0577484,-0.0603368
65.69993,-0.06408979,-0.06269053,-0.0576858,-0.0602649
65.81993,-0.06418829,-0.06267923,-0.057717,-0.0602767
65.93993,-0.06418409,-0.06269533,-0.057746,-0.0602718
66.05993,-0.06417859,-0.06264723,-0.0577512,-0.060285
66.17993,-0.06412829,-0.06270313,-0.0577471,-0.060302
66.29993,-0.06413759,-0.06267443,-0.0576573,-0.0602211
66.41993,-0.06417879,-0.06273693,-0.0576805,-0.060249
66.53993,-0.06415579,-0.06271233,-0.0577412,-0.0602191
66.65993,-0.06415339,-0.06270763,-0.057733,-0.0602358
66.77993,-0.06421479,-0.06268673,-0.0577378,-0.0602589
66.89993,-0.06418929,-0.06269773,-0.0576926,-0.0602522
67.01993,-0.06421599,-0.06268263,-0.05766,-0.0602186
67.13993,-0.06425749,-0.06271353,-0.0577093,-0.0602028
67.25993,-0.06420469,-0.06267863,-0.0577133,-0.0602609
67.37993,-0.06414849,-0.06269033,-0.057724,-0.0602633
67.49993,-0.06414619,-0.06266953,-0.0576821,-0.0602193
67.61993,-0.06420469,-0.06275453,-0.0576346,-0.0602895
67.73993,-0.06425879,-0.06270753,-0.0576943,-0.0602079
67.85993,-0.06429169,-0.06272033,-0.0577152,-0.060249
67.97993,-0.06427419,-0.06268143,-0.0577076,-0.0602774
68.09993,-0.06422159,-0.06271863,-0.0577053,-0.0602673
68.21993,-0.06426999,-0.06275853,-0.0576748,-0.0602378
68.33993,-0.06420329,-0.06274133,-0.0576914,-0.0602208
68.45993,-0.06423809,-0.06276573,-0.0577474,-0.0602721
68.57993,-0.06420969,-0.06274233,-0.0577481,-0.0603338
68.69993,-0.06419479,-0.06272233,-0.0577243,-0.0603044
68.81993,-0.06417389,-0.06271513,-0.0576912,-0.0603049
68.93993,-0.06425569,-0.06277853,-0.057677,-0.0602512
69.05993,-0.06429489,-0.06280023,-0.0577054,-0.0602397
69.17993,-0.06427869,-0.06273833,-0.0577197,-0.0603029
69.29993,-0.06423579,-0.06271153,-0.0576922,-0.0603071
69.41993,-0.06423239,-0.06272603,-0.0576761,-0.0602987
69.53993,-0.06428429,-0.06277323,-0.0576666,-0.0602314
69.65993,-0.06426369,-0.06278633,-0.057692,-0.0602369
69.77993,-0.06426479,-0.06292463,-0.0577233,-0.0602792
69.89993,-0.06424069,-0.06303893,-0.0577606,-0.0603436
70.01993,-0.06420939,-0.06275233,-0.0578294,-0.0603382
70.13993,-0.06425979,-0.06277213,-0.057694,-0.0602851
70.25993,-0.06430109,-0.06279453,-0.0577061,-0.060291
70.37993,-0.06432459,-0.06280693,-0.0577782,-0.0603022
70.49993,-0.06433369,-0.06274663,-0.057795,-0.0603356
70.61993,-0.06429539,-0.06277793,-0.0577563,-0.0603401
70.73993,-0.06423809,-0.06279613,-0.0577101,-0.0603123
70.85993,-0.06426089,-0.06280163,-0.0577441,-0.0602861
70.97993,-0.06429689,-0.06280593,-0.0577847,-0.0602824
71.09993,-0.06428479,-0.06280793,-0.0578068,-0.0603322
71.21993,-0.06422619,-0.06277773,-0.0577745,-0.0603608
71.33993,-0.06419289,-0.06287283,-0.057728,-0.0603697
71.45993,-0.06422739,-0.06282153,-0.0577562,-0.0602965
71.57993,-0.06430609,-0.06285493,-0.0577313,-0.0602633
71.69993,-0.06428359,-0.06290303,-0.0577961,-0.0602878
71.81993,-0.06428139,-0.06277433,-0.0578147,-0.0603561
71.93993,-0.06423339,-0.06278373,-0.0579499,-0.0603256
72.05993,-0.06427249,-0.06281683,-0.0580054,-0.0603085
72.17993,-0.06432639,-0.06288063,-0.0579619,-0.0603053
72.29993,-0.06432919,-0.06285843,-0.0579745,-0.0602859
72.41993,-0.06426289,-0.06288093,-0.0577386,-0.0604541
72.53993,-0.06422639,-0.06281693,-0.0577324,-0.0604419
72.65993,-0.06423339,-0.06283643,-0.0577057,-0.0604234
72.77993,-0.06430079,-0.06289363,-0.0576976,-0.0603011
72.89993,-0.06441849,-0.06285983,-0.0577743,-0.0603105
73.01993,-0.06430109,-0.06284383,-0.0577904,-0.0603426
73.13993,-0.06426079,-0.06287363,-0.0577226,-0.0603826
73.25993,-0.06419699,-0.06282343,-0.0576927,-0.0603426
73.37993,-0.06421039,-0.06284003,-0.0576974,-0.0603195
73.49993,-0.06429179,-0.06285753,-0.0577754,-0.0603186
73.61993,-0.06428159,-0.06282533,-0.0577902,-0.060357
73.73993,-0.06426569,-0.06280233,-0.0577341,-0.0604673
73.85993,-0.06419549,-0.06282333,-0.0576933,-0.0603657
73.97993,-0.06420229,-0.06284243,-0.0577132,-0.0603184
74.09993,-0.06421519,-0.06285013,-0.0577229,-0.0602898
74.21993,-0.06427149,-0.06285043,-0.0577341,-0.0603145
74.33993,-0.06424359,-0.06280733,-0.0577241,-0.060333
74.45993,-0.06421279,-0.06280413,-0.0576817,-0.0603683
74.57993,-0.06421409,-0.06282953,-0.0576741,-0.0603388
74.69993,-0.06426859,-0.06282083,-0.0576924,-0.0603144
74.81993,-0.06428319,-0.06283333,-0.0577818,-0.0602652
74.93993,-0.06427419,-0.06278093,-0.0577378,-0.0603368
75.05993,-0.06428479,-0.06276543,-0.057768,-0.0603072
75.17992,-0.06428329,-0.06275623,-0.0577824,-0.0603254
75.29992,-0.06427619,-0.06282243,-0.0577394,-0.0602537
75.41992,-0.06429809,-0.06281223,-0.0577781,-0.0602773
75.53992,-0.06426079,-0.06278723,-0.057778,-0.0603176
75.65992,-0.06427959,-0.06272833,-0.0577793,-0.0603756
75.77992,-0.06422939,-0.06276403,-0.0577175,-0.0603538
75.89992,-0.06419469,-0.06282183,-0.0577226,-0.0603273
76.01992,-0.06426369,-0.06285863,-0.057774,-0.0603524
76.13992,-0.06432149,-0.06285493,-0.0577609,-0.0603324
76.25992,-0.06423729,-0.06281733,-0.0577699,-0.0603341
76.37992,-0.06425719,-0.06281623,-0.0577059,-0.0603922
76.49992,-0.06424499,-0.06283183,-0.0577351,-0.0603541
76.61992,-0.06420159,-0.06291073,-0.0577325,-0.0603243
76.73992,-0.06427059,-0.06288783,-0.0577751,-0.0603447
76.85992,-0.06431749,-0.06286863,-0.0577745,-0.0603632
76.97992,-0.06427619,-0.06275503,-0.0577279,-0.0603669
77.09992,-0.06422219,-0.06280873,-0.0577146,-0.0603847
77.21992,-0.06429629,-0.06304213,-0.0577354,-0.06031
77.33992,-0.06432399,-0.06291593,-0.0577766,-0.0603503
77.45992,-0.06425419,-0.06282953,-0.0578218,-0.0603456
77.57992,-0.06427219,-0.06274763,-0.0577623,-0.0603543
77.69992,-0.06423239,-0.06277583,-0.0576982,-0.0604955
77.81992,-0.06426379,-0.06279053,-0.0577308,-0.0604096
77.93992,-0.06431779,-0.06287293,-0.0578082,-0.0603604
78.05992,-0.06439569,-0.06284053,-0.0577939,-0.0603337
78.17992,-0.06434809,-0.06281883,-0.0578029,-0.0603861
78.29992,-0.06433619,-0.06287443,-0.0577364,-0.0604511
78.41992,-0.06430959,-0.06282883,-0.0578205,-0.060391
78.53992,-0.06431339,-0.06289303,-0.0579891,-0.0603653
78.65992,-0.06436939,-0.06287213,-0.0578222,-0.0603847
78.77992,-0.06435739,-0.06282023,-0.0577722,-0.0604337
78.89992,-0.06433979,-0.06279423,-0.0577527,-0.0604546
79.01992,-0.06426359,-0.06277883,-0.0577138,-0.0603955
79.13992,-0.06430289,-0.06285053,-0.0578304,-0.0603902
79.25992,-0.06433939,-0.06286473,-0.0578808,-0.0603698
79.37992,-0.06439279,-0.06279243,-0.0577772,-0.0604582
79.49992,-0.06438899,-0.06282803,-0.0577909,-0.06042
79.61992,-0.06430219,-0.06284923,-0.0577682,-0.0604409
79.73992,-0.06432139,-0.06283803,-0.0578523,-0.0604361
79.85992,-0.06432509,-0.06286723,-0.0578437,-0.0604054
79.97992,-0.06435669,-0.06283923,-0.0578046,-0.0604252
80.09992,-0.06443259,-0.06279903,-0.0577682,-0.0604592
80.21992,-0.06430659,-0.06280683,-0.0578039,-0.0604462
80.33992,-0.06423569,-0.06279453,-0.0577689,-0.0603932
80.45992,-0.06426579,-0.06287553,-0.0578431,-0.0603789
80.57992,-0.06434209,-0.06288843,-0.0578531,-0.0603365
80.69992,-0.06434929,-0.06285563,-0.0578488,-0.0603643
80.81992,-0.06430119,-0.06282133,-0.0578186,-0.0603501
80.93992,-0.06429369,-0.06285753,-0.0578041,-0.0603883
81.05992,-0.06424099,-0.06288263,-0.0578133,-0.060365
81.17992,-0.06424569,-0.06289283,-0.0578399,-0.0603771
81.29992,-0.06444199,-0.06285563,-0.0578405,-0.0604199
81.41992,-0.06432329,-0.06279133,-0.0577594,-0.0604685
81.53992,-0.06430479,-0.06280963,-0.0577344,-0.0604468
81.65992,-0.06437529,-0.06283593,-0.0577669,-0.0603803
81.77992,-0.06427369,-0.06286693,-0.0578234,-0.0603653
81.89992,-0.06431039,-0.06290543,-0.0577932,-0.060408
82.01992,-0.06428669,-0.06281753,-0.0577371,-0.0606298
82.13992,-0.06427929,-0.06284103,-0.0577385,-0.0605243
82.25992,-0.06429909,-0.06284233,-0.0577494,-0.0604487
82.37992,-0.06442349,-0.06290603,-0.0577848,-0.0604231
82.49992,-0.06428829,-0.06292703,-0.0579946,-0.0604138
82.61992,-0.06436339,-0.06292213,-0.0578353,-0.060473
82.73992,-0.06436699,-0.06286803,-0.0577327,-0.0605062
82.85992,-0.06434109,-0.06286333,-0.0577531,-0.0605575
82.97992,-0.06439999,-0.06292183,-0.0578238,-0.0603995
83.09992,-0.06438349,-0.06291093,-0.0578575,-0.0603802
83.21992,-0.06442789,-0.06289313,-0.0578373,-0.0603772
83.33992,-0.06443889,-0.06292653,-0.0577457,-0.060447
83.45992,-0.06427099,-0.06290603,-0.0577277,-0.0604456
83.57992,-0.06423099,-0.06287203,-0.0577614,-0.0603796
83.69992,-0.06427199,-0.06292553,-0.0577764,-0.0603731
83.81992,-0.06433229,-0.06288353,-0.0577747,-0.0603929
83.93992,-0.06440699,-0.06287133,-0.0577076,-0.0604557
84.05992,-0.06434729,-0.06286423,-0.0577349,-0.0604422
84.17992,-0.06436159,-0.06286723,-0.057731,-0.0604577
84.29992,-0.06434019,-0.06289373,-0.0577752,-0.0603901
84.41992,-0.06440809,-0.06293163,-0.0577845,-0.0604098
84.53992,-0.06438539,-0.06289053,-0.0577473,-0.0604272
84.65992,-0.06436079,-0.06290663,-0.0577482,-0.0604737
84.77992,-0.06432649,-0.06287253,-0.0577616,-0.0604817
84.89992,-0.06431539,-0.06292153,-0.0578067,-0.0604357
85.01991,-0.06437909,-0.06293433,-0.0578046,-0.0603867
85.13991,-0.06438899,-0.06291803,-0.0578466,-0.0604032
85.25991,-0.06437569,-0.06286773,-0.0577805,-0.0605119
85.37991,-0.06429499,-0.06288083,-0.0577374,-0.0604689
85.49991,-0.06433289,-0.06289413,-0.057791,-0.0604553
85.61991,-0.06431299,-0.06288833,-0.0578168,-0.0604111
85.73991,-0.06437659,-0.06289243,-0.0578297,-0.0604259
85.85991,-0.06435019,-0.06285873,-0.0577864,-0.0604639
85.97991,-0.06432089,-0.06283693,-0.0577756,-0.0604914
86.09991,-0.06431329,-0.06286023,-0.0577861,-0.0604658
86.21991,-0.06458649,-0.06289723,-0.0578032,-0.0604483
86.33991,-0.06461219,-0.06289513,-0.0577938,-0.060497
86.45991,-0.06460479,-0.06283483,-0.0577408,-0.0604604
86.57991,-0.06461889,-0.06285523,-0.0577256,-0.0604934
86.69991,-0.06436359,-0.06287643,-0.0577513,-0.0604815
86.81991,-0.06435009,-0.06290823,-0.0578022,-0.0604335
86.93991,-0.06439959,-0.06292653,-0.0577767,-0.0604218
87.05991,-0.06441029,-0.06289553,-0.0577551,-0.0604776
87.17991,-0.06436129,-0.06281803,-0.0577331,-0.060493
87.29991,-0.06434209,-0.06287923,-0.0577448,-0.0604839
87.41991,-0.06442529,-0.06288203,-0.057792,-0.0604668
87.53991,-0.06434479,-0.06286923,-0.0577937,-0.0604301
87.65991,-0.06436899,-0.06287243,-0.0577789,-0.0604094
87.77991,-0.06438059,-0.06284973,-0.0577313,-0.0604963
87.89991,-0.06436099,-0.06282003,-0.0577568,-0.0606095
88.01991,-0.06428529,-0.06286523,-0.0577618,-0.0604968
88.13991,-0.06431769,-0.06285663,-0.057807,-0.060432
88.25991,-0.06435909,-0.06285243,-0.0577897,-0.0604347
88.37991,-0.06433979,-0.06279953,-0.0577744,-0.0604922
88.49991,-0.06436569,-0.06281823,-0.0577907,-0.0605427
88.61991,-0.06429199,-0.06279853,-0.0577798,-0.0605387
88.73991,-0.06428869,-0.06287113,-0.0577983,-0.0605139
88.85991,-0.06432129,-0.06286073,-0.0578233,-0.0605038
88.97991,-0.06440039,-0.06282453,-0.0578033,-0.0604881
89.09991,-0.06435159,-0.06289003,-0.0577477,-0.0605116
89.21991,-0.06428609,-0.06281783,-0.0577582,-0.0604987
89.33991,-0.06428179,-0.06290253,-0.0578015,-0.0605633
89.45991,-0.06431299,-0.06288723,-0.0578184,-0.0604394
89.57991,-0.06433789,-0.06286933,-0.0577922,-0.0604446
89.69991,-0.06433809,-0.06283713,-0.0577444,-0.0604712
89.81991,-0.06434399,-0.06283093,-0.0577907,-0.0604832
89.93991,-0.06428199,-0.06285673,-0.0578158,-0.0604478
90.05991,-0.06429029,-0.06289643,-0.0578064,-0.0604339
90.17991,-0.06433889,-0.06289463,-0.0578927,-0.0605122
90.29991,-0.06434579,-0.06285673,-0.0578642,-0.0604805
90.41991,-0.06434349,-0.06283733,-0.0577817,-0.0605042
90.53991,-0.06428799,-0.06287853,-0.0578166,-0.0604946
90.65991,-0.06429159,-0.06291973,-0.0578353,-0.0604826
90.77991,-0.06431709,-0.06294243,-0.0578594,-0.0604936
90.89991,-0.06435909,-0.06286143,-0.0578059,-0.0605044
91.01991,-0.06441769,-0.06282793,-0.0578162,-0.060551
91.13991,-0.06429009,-0.06285053,-0.0578176,-0.0605654
91.25991,-0.06425059,-0.06289773,-0.0578589,-0.0605189
91.37991,-0.06428949,-0.06287963,-0.0578437,-0.0604481
91.49991,-0.06432109,-0.06289603,-0.0578086,-0.0605213
91.61991,-0.06433389,-0.06287963,-0.0578037,-0.060572
91.73991,-0.06432279,-0.06286433,-0.0578149,-0.0605498
91.85991,-0.06425909,-0.06290133,-0.0578483,-0.0605147
91.97991,-0.06427439,-0.06290543,-0.0578599,-0.0604612
92.09991,-0.06427709,-0.06288753,-0.0578148,-0.0604724
92.21991,-0.06430709,-0.06284823,-0.0577454,-0.0605364
92.33991,-0.06441099,-0.06284643,-0.0577925,-0.0605871
92.45991,-0.06439619,-0.06287623,-0.0578637,-0.0605621
92.57991,-0.06426249,-0.06291263,-0.057855,-0.0605361
92.69991,-0.06434219,-0.06291133,-0.057825,-0.0605205
92.81991,-0.06432429,-0.06285193,-0.0577625,-0.0604908
92.93991,-0.06433739,-0.06284133,-0.0577601,-0.0606704
93.05991,-0.06425679,-0.06282993,-0.0577946,-0.060616
93.17991,-0.06426379,-0.06290033,-0.0578463,-0.0605645
93.29991,-0.06429679,-0.06290863,-0.0578468,-0.0604804
93.41991,-0.06432619,-0.06291033,-0.057777,-0.0604863
93.53991,-0.06435109,-0.06289763,-0.0578304,-0.0605561
93.65991,-0.06437699,-0.06293303,-0.0577835,-0.0605575
93.77991,-0.06430579,-0.06286623,-0.0578826,-0.0605323
93.89991,-0.06433479,-0.06287223,-0.0578389,-0.0604521
94.01991,-0.06434029,-0.06283573,-0.0578067,-0.0604611
94.13991,-0.06438729,-0.06293633,-0.0577752,-0.0604445
94.25991,-0.06442559,-0.06282303,-0.0578953,-0.0605141
94.37991,-0.06436349,-0.06287483,-0.0580678,-0.0605241
94.49991,-0.06430389,-0.06289003,-0.0578556,-0.0605017
94.61991,-0.06429319,-0.06291923,-0.057813,-0.0604569
94.73991,-0.06437959,-0.06293173,-0.0578115,-0.060487
94.85991,-0.06438429,-0.06286683,-0.0578877,-0.0605483
94.9799,-0.06432519,-0.06294693,-0.0578417,-0.0605681
95.0999,-0.06428269,-0.06292363,-0.0578004,-0.0605334
95.2199,-0.06426609,-0.06292673,-0.0578015,-0.0605052
95.3399,-0.06431209,-0.06290183,-0.0578917,-0.0605452
95.4599,-0.06437059,-0.06288873,-0.0578145,-0.0605446
95.5799,-0.06435329,-0.06294803,-0.0578448,-0.0607009
95.6999,-0.06432659,-0.06298643,-0.0578694,-0.0605872
95.8199,-0.06430769,-0.06299513,-0.057861,-0.0605175
95.9399,-0.06433619,-0.06298323,-0.0578279,-0.0605141
96.0599,-0.06439369,-0.06293493,-0.0578743,-0.0605094
96.1799,-0.06437519,-0.06290933,-0.0578969,-0.0605381
96.2999,-0.06437229,-0.06297413,-0.0578693,-0.0605805
96.4199,-0.06430249,-0.06295223,-0.0578418,-0.0605357
96.5399,-0.06432109,-0.06294453,-0.0577814,-0.0604793
96.6599,-0.06437359,-0.06289153,-0.0577563,-0.0605041
96.7799,-0.06437239,-0.06291203,-0.0577769,-0.0605536
96.8999,-0.06437959,-0.06291723,-0.0578621,-0.0605365
97.0199,-0.06434439,-0.06298173,-0.0578169,-0.060566
97.1399,-0.06436149,-0.06295793,-0.0577897,-0.0605152
97.2599,-0.06437739,-0.06288293,-0.0577655,-0.0605385
97.3799,-0.06441659,-0.06288693,-0.0577694,-0.0605445
97.4999,-0.06445209,-0.06290753,-0.0578168,-0.0605807
97.6199,-0.06432699,-0.06294423,-0.0578047,-0.0605708
97.7399,-0.06433949,-0.06293393,-0.0577824,-0.0605053
97.8599,-0.06432069,-0.06289543,-0.0577541,-0.0605061
97.9799,-0.06440299,-0.06286123,-0.0577664,-0.0605082
98.0999,-0.06439679,-0.06286433,-0.0577993,-0.0606454
98.2199,-0.06438689,-0.06292063,-0.0578537,-0.0605693
98.3399,-0.06437739,-0.06294753,-0.0577881,-0.0605382
98.4599,-0.06439729,-0.06290423,-0.0577785,-0.0605069
98.5799,-0.06441799,-0.06288873,-0.057753,-0.0605274
98.6999,-0.06441759,-0.06290343,-0.0578067,-0.0605774
98.8199,-0.06443759,-0.06294803,-0.0578447,-0.0606071
98.9399,-0.06437899,-0.06297223,-0.0578514,-0.060532
99.0599,-0.06440549,-0.06294013,-0.0577592,-0.0604997
99.1799,-0.06439079,-0.06306583,-0.0578062,-0.0605293
99.2999,-0.06443389,-0.06296623,-0.0577971,-0.0605464
99.4199,-0.06439869,-0.06295173,-0.0578318,-0.0605643
99.5399,-0.06432789,-0.06296263,-0.0578821,-0.0605695
99.6599,-0.06448339,-0.06297783,-0.0579132,-0.0604991
99.7799,-0.06437599,-0.06298633,-0.0577952,-0.060479
99.8999,-0.06443069,-0.06293553,-0.0577958,-0.060502
100.0199,-0.06439959,-0.06297913,-0.0578503,-0.0605383
100.1399,-0.06441049,-0.06303963,-0.0578653,-0.0605743
100.2599,-0.06439459,-0.06303493,-0.0578569,-0.060525
100.3799,-0.06444199,-0.06303203,-0.057883,-0.0605153
100.4999,-0.06450969,-0.06298223,-0.0578196,-0.0604894
100.6199,-0.06447209,-0.06301013,-0.0578599,-0.0605461
100.7399,-0.06448409,-0.06300863,-0.0578423,-0.0605271
100.8599,-0.06447619,-0.06306283,-0.0578981,-0.0605603
100.9799,-0.06450879,-0.06305463,-0.0577817,-0.0605103
101.0999,-0.06447879,-0.06298203,-0.0578177,-0.0604977
101.2199,-0.06446789,-0.06299593,-0.0578899,-0.0605053
101.3399,-0.06442439,-0.06301373,-0.0578822,-0.0605377
101.4599,-0.06434939,-0.06300043,-0.0578805,-0.0606316
101.5799,-0.06434709,-0.06303623,-0.0578339,-0.060519
101.6999,-0.06434799,-0.06296243,-0.0577834,-0.0604796
101.8199,-0.06440949,-0.06295023,-0.0578259,-0.0605013
101.9399,-0.06440729,-0.06294733,-0.0578985,-0.0605511
102.0599,-0.06441159,-0.06300403,-0.0578842,-0.0605302
102.1799,-0.06435509,-0.06303153,-0.0577905,-0.0605421
102.2999,-0.06436199,-0.06299943,-0.0578135,-0.0604918
102.4199,-0.06438229,-0.06298263,-0.0578159,-0.0605347
102.5399,-0.06450659,-0.06293853,-0.0578507,-0.0604743
102.6599,-0.06439519,-0.06301113,-0.0578313,-0.0605132
102.7799,-0.06437699,-0.06304853,-0.0578103,-0.0605282
102.8999,-0.06437309,-0.06299113,-0.0578285,-0.0604816
103.0199,-0.06437639,-0.06299183,-0.0578354,-0.0604278
103.1399,-0.06451159,-0.06295843,-0.057888,-0.0606588
103.2599,-0.06444579,-0.06301343,-0.0579118,-0.0605551
103.3799,-0.06442719,-0.06302473,-0.0578464,-0.0605449
103.4999,-0.06437899,-0.06303493,-0.0578387,-0.0604683
103.6199,-0.06434969,-0.06294993,-0.0578561,-0.0604825
103.7399,-0.06442659,-0.06295573,-0.0578568,-0.0604866
103.8599,-0.06440749,-0.06296693,-0.0578957,-0.0605244
103.9799,-0.06440039,-0.06301343,-0.0579019,-0.0605101
104.0999,-0.06439449,-0.06301853,-0.057907,-0.0605059
104.2199,-0.06439439,-0.06305523,-0.0578952,-0.060484
104.3399,-0.06438759,-0.06305693,-0.0579337,-0.0604458
104.4599,-0.06442569,-0.06304683,-0.0579714,-0.0605031
104.5799,-0.06441299,-0.06305323,-0.0579677,-0.0604907
104.6999,-0.06438199,-0.06306023,-0.0579319,-0.0605144
104.8199,-0.06432159,-0.06305193,-0.0579239,-0.060479
104.9399,-0.06438949,-0.06299483,-0.0579115,-0.060474
105.0599,-0.06437199,-0.06300893,-0.0579509,-0.0604638
105.1799,-0.06439499,-0.06299363,-0.0579706,-0.0606024
105.2999,-0.06438139,-0.06308433,-0.0579407,-0.0605403
105.4199,-0.06434609,-0.06303983,-0.057948,-0.0604598
105.5399,-0.06433269,-0.06296333,-0.0579851,-0.0604259
105.6599,-0.06437359,-0.06299053,-0.0580074,-0.0604353
105.7799,-0.06446109,-0.06301833,-0.0578547,-0.0605523
105.8999,-0.06440149,-0.06307633,-0.0578372,-0.060515
106.0199,-0.06436179,-0.06306013,-0.0577937,-0.0605061
106.1399,-0.06439669,-0.06302403,-0.0578518,-0.0604733
106.2599,-0.06441359,-0.06297673,-0.0579253,-0.0604719
106.3799,-0.06445659,-0.06298923,-0.0579536,-0.0605096
106.4999,-0.06444759,-0.06300303,-0.0579559,-0.0605408
106.6199,-0.06436439,-0.06303853,-0.0579118,-0.0605052
106.7399,-0.06439969,-0.06298943,-0.057894,-0.0604722
106.8599,-0.06438639,-0.06295923,-0.0578904,-0.0604624
106.9799,-0.06442329,-0.06299673,-0.0579316,-0.0604818
107.0999,-0.06442619,-0.06301523,-0.0579328,-0.0605023
107.2199,-0.06437829,-0.06302723,-0.057852,-0.0604971
107.3399,-0.06438949,-0.06297723,-0.0578481,-0.06051
107.4599,-0.06435049,-0.06293923,-0.0578615,-0.0604755
107.5799,-0.06450089,-0.06297233,-0.0579047,-0.0604573
107.6999,-0.06454079,-0.06298473,-0.0578838,-0.0605074
107.8199,-0.06439909,-0.06301243,-0.0578807,-0.0604991
107.9399,-0.06437829,-0.06302063,-0.0578496,-0.060499
108.0599,-0.06435499,-0.06303363,-0.0578618,-0.060466
108.1799,-0.06437429,-0.06296003,-0.057903,-0.0605423
108.2999,-0.06441339,-0.06296003,-0.0578554,-0.0605139
108.4199,-0.06439639,-0.06302593,-0.0578225,-0.0605367
108.5399,-0.06435949,-0.06302963,-0.057803,-0.0605388
108.6599,-0.06433829,-0.06298223,-0.0577862,-0.0604845
108.7799,-0.06433639,-0.06295773,-0.0578618,-0.0605108
108.8999,-0.06440959,-0.06294873,-0.057875,-0.0605401
109.0199,-0.06440909,-0.06300443,-0.0578312,-0.0605695
109.1399,-0.06438469,-0.06299763,-0.0578315,-0.0605606
109.2599,-0.06436879,-0.06299153,-0.0577829,-0.0605372
109.3799,-0.06435779,-0.06303953,-0.0578422,-0.0605314
109.4999,-0.06441349,-0.06291253,-0.0578995,-0.0604815
109.6199,-0.06439819,-0.06295163,-0.0579508,-0.0605036
109.7399,-0.06442709,-0.06298403,-0.0578298,-0.0605311
109.8599,-0.06434719,-0.06297103,-0.0578197,-0.0605109
109.9799,-0.06439109,-0.06300333,-0.0578401,-0.0604496
110.0999,-0.06440319,-0.06295803,-0.0578943,-0.060469
110.2199,-0.06442129,-0.06296853,-0.0578867,-0.0604456
110.3399,-0.06439309,-0.06301113,-0.0578641,-0.0605228
110.4599,-0.06436829,-0.06301173,-0.0578192,-0.060532
110.5799,-0.06434279,-0.06297713,-0.0578749,-0.0605203
110.6999,-0.06436239,-0.06298103,-0.0580646,-0.0604507
110.8199,-0.06444279,-0.06294873,-0.0579216,-0.0604613
110.9399,-0.06441749,-0.06298353,-0.0578889,-0.0604671
111.0599,-0.06445929,-0.06301753,-0.057832,-0.0605186
111.1799,-0.06438849,-0.06297903,-0.0579465,-0.0605502
111.2999,-0.06439899,-0.06294483,-0.0579665,-0.0604805
111.4199,-0.06443509,-0.06296653,-0.0579041,-0.0604753
111.5399,-0.06446219,-0.06301263,-0.057918,-0.0604802
111.6599,-0.06443289,-0.06307193,-0.0578815,-0.0605181
111.7799,-0.06432429,-0.06300133,-0.0578198,-0.0605354
111.8999,-0.06435029,-0.06292963,-0.0578691,-0.0604548
112.0199,-0.06438149,-0.06295013,-0.0578513,-0.0604702
112.1399,-0.06443609,-0.06303033,-0.0579251,-0.0604788
112.2599,-0.06439619,-0.06301993,-0.0578869,-0.0605075
112.3799,-0.06434599,-0.06304093,-0.0578767,-0.0604946
112.4999,-0.06437039,-0.06293163,-0.0579242,-0.0604895
112.6199,-0.06436029,-0.06292953,-0.0579692,-0.060466
112.7399,-0.06454429,-0.06295983,-0.057906,-0.0604698
112.8599,-0.06441349,-0.06302323,-0.0578658,-0.0604899
112.9799,-0.06439839,-0.06299033,-0.057833,-0.0604904
113.0999,-0.06438419,-0.06297723,-0.0578428,-0.0605018
113.2199,-0.06438879,-0.06297013,-0.0579388,-0.0605004
113.3399,-0.06443799,-0.06290283,-0.0579318,-0.0604851
113.4599,-0.06449579,-0.06298003,-0.0578973,-0.0605044
113.5799,-0.06443029,-0.06301453,-0.0578468,-0.0605137
113.6999,-0.06439109,-0.06306483,-0.0578568,-0.0605092
113.8199,-0.06436279,-0.06295863,-0.057924,-0.0604699
113.9399,-0.06437629,-0.06294753,-0.0579753,-0.06046
114.0599,-0.06444819,-0.06298233,-0.0579136,-0.0605004
114.1799,-0.06441579,-0.06301573,-0.0578326,-0.0605073
114.2999,-0.06436599,-0.06301883,-0.0578666,-0.0605146
114.4199,-0.06435639,-0.06305383,-0.0578757,-0.0604981
114.5399,-0.06437509,-0.06303353,-0.0578713,-0.0604889
114.6599,-0.06443189,-0.06297133,-0.057876,-0.0604652
114.7799,-0.06447699,-0.06302513,-0.0578433,-0.0604954
114.8999,-0.06436479,-0.06299333,-0.057824,-0.0605218
115.0199,-0.06433299,-0.06293423,-0.0578287,-0.0605042
115.1399,-0.06435139,-0.06291473,-0.0578609,-0.0604358
115.2599,-0.06440989,-0.06293993,-0.0578635,-0.0604563
115.3799,-0.06439199,-0.06298153,-0.0578576,-0.0604888
115.4999,-0.06439859,-0.06300093,-0.0578366,-0.0605433
115.6199,-0.06436719,-0.06294653,-0.0578377,-0.0605098
115.7399,-0.06436359,-0.06292703,-0.0578887,-0.0604715
115.8599,-0.06437139,-0.06292863,-0.0578724,-0.0604612
115.9799,-0.06453749,-0.06298553,-0.0578456,-0.0604355
116.0999,-0.06446179,-0.06300423,-0.0578013,-0.0605087
116.2199,-0.06438999,-0.06300763,-0.0578516,-0.0605273
116.3399,-0.06436639,-0.06294573,-0.0579328,-0.0604869
116.4599,-0.06436549,-0.06293013,-0.057938,-0.060458
116.5799,-0.06448179,-0.06297533,-0.0579104,-0.0605109
116.6999,-0.06447569,-0.06297483,-0.0578982,-0.060508
116.8199,-0.06445719,-0.06296033,-0.0578957,-0.0605018
116.9399,-0.06438959,-0.06293383,-0.0578885,-0.0605208
117.0599,-0.06441029,-0.06292773,-0.057926,-0.0604867
117.1799,-0.06443889,-0.06295153,-0.0579276,-0.060631
117.2999,-0.06442419,-0.06294923,-0.0579804,-0.0605547
117.4199,-0.06445309,-0.06293723,-0.0580681,-0.0605022
117.5399,-0.06443129,-0.06289103,-0.057885,-0.060491
117.6599,-0.06442729,-0.06293063,-0.0579371,-0.0604629
117.7799,-0.06452669,-0.06290313,-0.0579219,-0.0605019
117.8999,-0.06451899,-0.06297333,-0.05786,-0.0605394
118.0199,-0.06447579,-0.06300433,-0.0578463,-0.0606207
118.1399,-0.06438709,-0.06301083,-0.057843,-0.060596
118.2599,-0.06442519,-0.06306203,-0.0578835,-0.060612
118.3799,-0.06455389,-0.06305753,-0.0579,-0.0605694
118.4999,-0.06453189,-0.06295663,-0.0578868,-0.0604797
118.6199,-0.06451179,-0.06301543,-0.057877,-0.0605282
118.7399,-0.06450589,-0.06296993,-0.057871,-0.0605837
118.8599,-0.06439359,-0.06293283,-0.057911,-0.0605574
118.9799,-0.06439989,-0.06293563,-0.0579443,-0.0605238
119.0999,-0.06442869,-0.06295113,-0.0579101,-0.0605099
119.2199,-0.06442859,-0.06296573,-0.0578118,-0.0605278
119.3399,-0.06441679,-0.06296823,-0.0578582,-0.0605631
119.4599,-0.06438879,-0.06292563,-0.0578944,-0.0605592
119.5799,-0.06437639,-0.06296133,-0.0579121,-0.0605157
119.6999,-0.06442769,-0.06292513,-0.0578783,-0.0604961
119.8199,-0.06446459,-0.06294873,-0.0578201,-0.060496
119.9399,-0.06443069,-0.06295753,-0.0578533,-0.0605175