Time,Uncat_Avg,WT,Seq 1360,D152N,S1360_2
0.06000098,0.00E+00,0,0,-0.001150188,-0.00304782
0.1800009,-1.17E-03,-0.00393797,-0.000207275,-0.002425023,-0.002642554
0.3000007,-1.14E-03,-0.009636673,-0.000763645,-0.00191742,-0.001494618
0.4200006,-1.01E-03,-0.014821618,-0.00096175,-0.002628145,-0.002604856
0.5400005,-1.62E-03,-0.020208773,-0.001460063,-0.00343852,-0.004005168
0.6600004,-2.46E-03,-0.02475429,-0.00221141,-0.004348225,-0.004603606
0.7800002,-2.99E-03,-0.028976003,-0.002959863,-0.004984108,-0.004592548
0.9000001,-3.69E-03,-0.033003028,-0.003803103,-0.005787763,-0.004828433
1.02,-4.32E-03,-0.036725665,-0.004369243,-0.006252215,-0.005471301
1.14,-4.83E-03,-0.03996644,-0.004888585,-0.006738733,-0.006071003
1.26,-5.31E-03,-0.04290899,-0.005386178,-0.007181045,-0.006634906
1.38,-5.79E-03,-0.045562968,-0.005893105,-0.007711618,-0.007236843
1.5,-6.30E-03,-0.04782656,-0.00637093,-0.008208073,-0.007816516
1.619999,-6.79E-03,-0.049671785,-0.00686793,-0.008622503,-0.008684833
1.739999,-7.34E-03,-0.051493633,-0.007376955,-0.00899577,-0.009655676
1.859999,-7.83E-03,-0.05344623,-0.00791423,-0.009392988,-0.010623436
1.979999,-8.36E-03,-0.05544074,-0.00837538,-0.009884613,-0.011387293
2.099999,-8.82E-03,-0.057364323,-0.008865805,-0.010260608,-0.012190971
2.219999,-9.28E-03,-0.059136293,-0.00930823,-0.010676928,-0.012841853
2.339999,-9.77E-03,-0.06076825,-0.009778155,-0.01103707,-0.013413548
2.459999,-1.03E-02,-0.062210828,-0.01024803,-0.01148483,-0.013972236
2.579998,-1.07E-02,-0.063538703,-0.010710155,-0.011928233,-0.014492571
2.699998,-1.12E-02,-0.0646703,-0.01117208,-0.0124132,-0.014978963
2.819998,-1.17E-02,-0.065629813,-0.01159928,-0.012857008,-0.015362281
2.939998,-1.23E-02,-0.06643063,-0.012088905,-0.013322753,-0.015755673
3.059998,-1.25E-02,-0.067118208,-0.012548905,-0.013799955,-0.016156131
3.179998,-1.29E-02,-0.067733408,-0.013004105,-0.014253918,-0.016656301
3.299998,-1.34E-02,-0.06829996,-0.01344668,-0.014674308,-0.017122421
3.419998,-1.40E-02,-0.0687638,-0.013894605,-0.015144168,-0.017582743
3.539997,-1.43E-02,-0.0691821,-0.014337005,-0.015577328,-0.018062206
3.659997,-1.48E-02,-0.0695022,-0.014780505,-0.016053808,-0.018532883
3.779997,-1.52E-02,-0.069851,-0.015244605,-0.016513665,-0.018916551
3.899997,-1.55E-02,-0.070140575,-0.015675655,-0.01692173,-0.019386486
4.019997,-1.60E-02,-0.070429775,-0.016092755,-0.017338663,-0.019890588
4.139997,-1.65E-02,-0.070669975,-0.016507355,-0.017771695,-0.020348191
4.259997,-1.70E-02,-0.070859725,-0.01691038,-0.018148238,-0.020811491
4.379997,-1.75E-02,-0.071079375,-0.01734988,-0.018606833,-0.021263471
4.499996,-1.79E-02,-0.07126525,-0.017873305,-0.018998718,-0.021758286
4.619996,-1.83E-02,-0.071426975,-0.01821228,-0.019399765,-0.022214241
4.739996,-1.86E-02,-0.0715878,-0.01863948,-0.01983877,-0.022669051
4.859996,-1.91E-02,-0.071710275,-0.01903988,-0.020208048,-0.023150391
4.979996,-1.95E-02,-0.0717662,-0.01941228,-0.020579038,-0.023581271
5.099996,-1.99E-02,-0.071853175,-0.019832105,-0.020978463,-0.024046541
5.219996,-2.02E-02,-0.071964075,-0.020177505,-0.021357185,-0.024502891
5.339996,-2.06E-02,-0.072068125,-0.02060008,-0.021778785,-0.024989256
5.459996,-2.10E-02,-0.0721437,-0.020959905,-0.02218576,-0.025403021
5.579995,-2.15E-02,-0.0722354,-0.021337005,-0.022564848,-0.025856198
5.699995,-2.18E-02,-0.07230865,-0.021743655,-0.02299874,-0.026290261
5.819995,-2.22E-02,-0.07240485,-0.02208428,-0.02334191,-0.026756258
5.939995,-2.26E-02,-0.0724798,-0.02248468,-0.023714653,-0.027211008
6.059995,-2.31E-02,-0.072490625,-0.022868555,-0.02406212,-0.027638291
6.179995,-2.34E-02,-0.072537025,-0.02321983,-0.024463993,-0.028027566
6.299995,-2.38E-02,-0.072561075,-0.02360478,-0.02486865,-0.028429013
6.419995,-2.42E-02,-0.072641175,-0.02397958,-0.025279018,-0.028858566
6.539994,-2.46E-02,-0.072677875,-0.024305055,-0.02559418,-0.029278461
6.659994,-2.49E-02,-0.072705975,-0.02463448,-0.02594062,-0.029716796
6.779994,-2.54E-02,-0.072762925,-0.02500793,-0.026336113,-0.030126083
6.899994,-2.58E-02,-0.0728069,-0.02536893,-0.026812505,-0.030549006
7.019994,-2.61E-02,-0.07282615,-0.025719705,-0.027173463,-0.030936901
7.139994,-2.65E-02,-0.0728519,-0.02604708,-0.027501075,-0.031298033
7.259994,-2.69E-02,-0.072875125,-0.02640448,-0.027829605,-0.031705951
7.379994,-2.72E-02,-0.07291205,-0.026774805,-0.028167913,-0.032091658
7.499993,-2.76E-02,-0.07297145,-0.02710433,-0.02857363,-0.032486923
7.619993,-2.80E-02,-0.0729951,-0.02743598,-0.028914405,-0.032909858
7.739993,-2.83E-02,-0.073002375,-0.027763355,-0.029282953,-0.033279101
7.859993,-2.86E-02,-0.0730039,-0.028092455,-0.029611558,-0.033691276
7.979993,-2.90E-02,-0.07301215,-0.02841938,-0.02997377,-0.034081248
8.099993,-2.94E-02,-0.073034375,-0.02878253,-0.03036239,-0.034435963
8.219993,-2.97E-02,-0.073073,-0.02907528,-0.03078075,-0.034839748
8.339993,-3.02E-02,-0.07305975,-0.029379805,-0.031157363,-0.035149536
8.459992,-3.05E-02,-0.0730919,-0.029680605,-0.031445895,-0.035548911
8.579992,-3.08E-02,-0.073117175,-0.029982955,-0.031778415,-0.035906761
8.699992,-3.12E-02,-0.073095925,-0.03028518,-0.03207206,-0.036253628
8.819992,-3.16E-02,-0.07312985,-0.03061248,-0.032374058,-0.036655406
8.939992,-3.19E-02,-0.073129875,-0.03092808,-0.032715215,-0.036932488
9.059992,-3.21E-02,-0.0731319,-0.031222855,-0.03296178,-0.037322558
9.179992,-3.24E-02,-0.073139525,-0.03154343,-0.03326691,-0.037677358
9.299992,-3.28E-02,-0.0731949,-0.031818505,-0.03359412,-0.038038661
9.419992,-3.31E-02,-0.073201775,-0.032139855,-0.033997288,-0.038367388
9.539991,-3.36E-02,-0.0732353,-0.032457455,-0.034301088,-0.038694896
9.659991,-3.39E-02,-0.073237625,-0.03270783,-0.034602573,-0.039003221
9.779991,-3.43E-02,-0.073251375,-0.03297663,-0.034857615,-0.039355268
9.899991,-3.45E-02,-0.0732243,-0.03325298,-0.03519059,-0.039712121
10.01999,-3.48E-02,-0.07320245,-0.033555055,-0.035538303,-0.040006063
10.13999,-3.52E-02,-0.073221275,-0.033893605,-0.03586653,-0.040360496
10.25999,-3.54E-02,-0.073211375,-0.03414903,-0.036125555,-0.040660731
10.37999,-3.57E-02,-0.073227175,-0.034392205,-0.0364652,-0.040987978
10.49999,-3.61E-02,-0.073201825,-0.03466578,-0.03675656,-0.041303973
10.61999,-3.65E-02,-0.073230125,-0.03489063,-0.037047808,-0.041622051
10.73999,-3.68E-02,-0.073244675,-0.035214955,-0.037382088,-0.041927426
10.85999,-3.71E-02,-0.0732771,-0.03545193,-0.037729618,-0.042249021
10.97999,-3.74E-02,-0.073252075,-0.03570213,-0.038148708,-0.042556648
11.09999,-3.77E-02,-0.073249525,-0.035947005,-0.038415203,-0.042867276
11.21999,-3.81E-02,-0.07327675,-0.036193655,-0.038687805,-0.043173213
11.33999,-3.83E-02,-0.073297475,-0.036460305,-0.03895246,-0.043445448
11.45999,-3.86E-02,-0.073341,-0.036770055,-0.039248263,-0.043745736
11.57999,-3.88E-02,-0.0732517,-0.036998655,-0.039464485,-0.044048158
11.69999,-3.91E-02,-0.0732612,-0.037216055,-0.039692488,-0.044344131
11.81999,-3.95E-02,-0.07327015,-0.037464105,-0.03994768,-0.044651648
11.93999,-3.98E-02,-0.0733081,-0.037719355,-0.04026003,-0.044911073
12.05999,-4.00E-02,-0.0733034,-0.03797903,-0.04057979,-0.045211048
12.17999,-4.04E-02,-0.073274375,-0.03826088,-0.040839858,-0.045498041
12.29999,-4.06E-02,-0.0732764,-0.03845778,-0.041087963,-0.045780943
12.41999,-4.09E-02,-0.07328855,-0.03870233,-0.04131142,-0.046035436
12.53999,-4.12E-02,-0.073316525,-0.03891783,-0.041570618,-0.046326316
12.65999,-4.15E-02,-0.073279775,-0.03915688,-0.041810653,-0.046590176
12.77999,-4.18E-02,-0.07332345,-0.03940783,-0.04211491,-0.046869076
12.89999,-4.21E-02,-0.073280325,-0.039663005,-0.04239332,-0.047133753
13.01999,-4.23E-02,-0.0732891,-0.03982668,-0.04260405,-0.047461851
13.13999,-4.26E-02,-0.073309675,-0.040040655,-0.042896023,-0.047712376
13.25999,-4.29E-02,-0.073317825,-0.04028833,-0.043166733,-0.047979013
13.37999,-4.32E-02,-0.0733389,-0.040543305,-0.043420695,-0.048210458
13.49999,-4.34E-02,-0.0733273,-0.04077238,-0.043683223,-0.048482966
13.61999,-4.36E-02,-0.073364825,-0.040958805,-0.043891513,-0.048777116
13.73999,-4.39E-02,-0.073327075,-0.041190305,-0.044153285,-0.049000368
13.85999,-4.42E-02,-0.0733311,-0.04139413,-0.044377663,-0.049278098
13.97999,-4.45E-02,-0.0733094,-0.04162958,-0.044691348,-0.049490346
14.09999,-4.47E-02,-0.0732867,-0.04182703,-0.044993763,-0.049729796
14.21999,-4.50E-02,-0.073281825,-0.04205373,-0.045177433,-0.049983571
14.33999,-4.52E-02,-0.07330925,-0.04224058,-0.045427883,-0.050239446
14.45999,-4.55E-02,-0.073312725,-0.04244068,-0.045715113,-0.050486026
14.57999,-4.59E-02,-0.0733049,-0.042650205,-0.045943275,-0.050708623
14.69999,-4.62E-02,-0.0732944,-0.04288013,-0.046162255,-0.050969358
14.81999,-4.64E-02,-0.0733033,-0.04306173,-0.046424505,-0.051189658
14.93999,-4.66E-02,-0.073293875,-0.043252855,-0.046657338,-0.051462296
15.05999,-4.69E-02,-0.07331415,-0.043417655,-0.046871888,-0.051692951
15.17999,-4.71E-02,-0.07333265,-0.043626755,-0.04706704,-0.051926503
15.29999,-4.72E-02,-0.0733313,-0.04384343,-0.047303385,-0.052134648
15.41999,-4.75E-02,-0.0733252,-0.044006055,-0.047510985,-0.052428508
15.53999,-4.77E-02,-0.0733033,-0.04418143,-0.047674285,-0.052705786
15.65999,-4.80E-02,-0.073396025,-0.04435908,-0.04788508,-0.052900193
15.77999,-4.82E-02,-0.073398625,-0.04457723,-0.04813768,-0.053125798
15.89998,-4.84E-02,-0.073395225,-0.044765205,-0.048247188,-0.053355231
16.01998,-4.87E-02,-0.0733344,-0.044937305,-0.048519888,-0.053592691
16.13998,-4.89E-02,-0.07331825,-0.045122105,-0.04876208,-0.053831093
16.25998,-4.91E-02,-0.073336475,-0.045271155,-0.048920895,-0.054028423
16.37998,-4.94E-02,-0.07339645,-0.045446505,-0.049088678,-0.054171136
16.49998,-4.96E-02,-0.07337935,-0.045643605,-0.049339313,-0.054338368
16.61998,-4.98E-02,-0.073352525,-0.045825955,-0.049516075,-0.054572131
16.73998,-5.01E-02,-0.073334725,-0.04597298,-0.049713885,-0.054829983
16.85998,-5.03E-02,-0.073337525,-0.046127305,-0.04997946,-0.054996631
16.97998,-5.06E-02,-0.0733929,-0.046282755,-0.050174293,-0.055193336
17.09998,-5.07E-02,-0.073456025,-0.046478005,-0.050261183,-0.055411928
17.21998,-5.10E-02,-0.073452325,-0.046632255,-0.050448815,-0.055609443
17.33998,-5.12E-02,-0.0734048,-0.046790105,-0.050644805,-0.055831731
17.45998,-5.14E-02,-0.07342355,-0.04696248,-0.05091669,-0.056017721
17.57998,-5.17E-02,-0.073427,-0.04710608,-0.051197673,-0.056228203
17.69998,-5.20E-02,-0.0734572,-0.047262405,-0.051319143,-0.056423003
17.81998,-5.21E-02,-0.0734438,-0.04741758,-0.05144969,-0.056598026
17.93998,-5.22E-02,-0.073365225,-0.04761028,-0.051654263,-0.056819696
18.05998,-5.25E-02,-0.07336315,-0.04773888,-0.051862483,-0.056987948
18.17998,-5.27E-02,-0.073367975,-0.047865955,-0.052010643,-0.057184896
18.29998,-5.29E-02,-0.073409925,-0.04800553,-0.05217366,-0.057345813
18.41998,-5.31E-02,-0.073391125,-0.04817768,-0.052362738,-0.057542233
18.53998,-5.32E-02,-0.073391325,-0.04831573,-0.052595975,-0.057733141
18.65998,-5.35E-02,-0.073360475,-0.048455005,-0.052778558,-0.057917766
18.77998,-5.37E-02,-0.07340935,-0.048593555,-0.052917563,-0.058109663
18.89998,-5.39E-02,-0.07342715,-0.04876053,-0.053129658,-0.058278453
19.01998,-5.41E-02,-0.073405725,-0.04890188,-0.053211208,-0.058500678
19.13998,-5.43E-02,-0.073400925,-0.049049055,-0.05338786,-0.058660981
19.25998,-5.45E-02,-0.073345075,-0.04920673,-0.053561393,-0.058848556
19.37998,-5.47E-02,-0.07334995,-0.049329855,-0.053790933,-0.059052496
19.49998,-5.48E-02,-0.0733616,-0.04942883,-0.053997598,-0.059197218
19.61998,-5.51E-02,-0.073461225,-0.04958953,-0.054067445,-0.059346291
19.73998,-5.52E-02,-0.07350015,-0.049729505,-0.054254585,-0.059505993
19.85998,-5.54E-02,-0.073350925,-0.04985173,-0.05441244,-0.059702226
19.97998,-5.56E-02,-0.07334675,-0.049971705,-0.054624418,-0.059868098
20.09998,-5.58E-02,-0.073373425,-0.05009453,-0.05477393,-0.060042196
20.21998,-5.60E-02,-0.073380375,-0.05022018,-0.054928795,-0.060226608
20.33998,-5.62E-02,-0.0733866,-0.050357105,-0.055075998,-0.060344526
20.45998,-5.63E-02,-0.0733856,-0.050489405,-0.055254025,-0.060529856
20.57998,-5.65E-02,-0.0733737,-0.050592355,-0.055403885,-0.060676931
20.69998,-5.67E-02,-0.073368125,-0.050718505,-0.055566333,-0.060830123
20.81998,-5.69E-02,-0.07339295,-0.050821505,-0.055771525,-0.061015461
20.93998,-5.71E-02,-0.073409725,-0.05099118,-0.055839933,-0.061134196
21.05998,-5.73E-02,-0.07340535,-0.05107908,-0.055996028,-0.061318833
21.17998,-5.74E-02,-0.0733458,-0.051239555,-0.05616622,-0.061451281
21.29998,-5.75E-02,-0.07339865,-0.05132643,-0.056428575,-0.061649866
21.41998,-5.78E-02,-0.073389425,-0.05143268,-0.05663478,-0.061768093
21.53998,-5.79E-02,-0.073392,-0.05156293,-0.056743483,-0.061937166
21.65998,-5.81E-02,-0.07338695,-0.051658005,-0.056836625,-0.062074198
21.77998,-5.83E-02,-0.073365975,-0.051776105,-0.05696643,-0.062204053
21.89998,-5.84E-02,-0.073381475,-0.05185133,-0.05715038,-0.062349526
22.01998,-5.87E-02,-0.0733903,-0.051941305,-0.057292135,-0.062509353
22.13998,-5.88E-02,-0.07342575,-0.05212183,-0.05750374,-0.062714463
22.25998,-5.90E-02,-0.0734251,-0.052217555,-0.057643485,-0.062847503
22.37998,-5.91E-02,-0.07339195,-0.052352955,-0.057785375,-0.062955113
22.49998,-5.92E-02,-0.0733532,-0.05240148,-0.057891195,-0.063085071
22.61998,-5.94E-02,-0.073376775,-0.052526705,-0.05800386,-0.063257066
22.73998,-5.96E-02,-0.0733829,-0.052619905,-0.05814985,-0.063405071
22.85998,-5.97E-02,-0.073407675,-0.05272013,-0.058227443,-0.063553286
22.97998,-5.99E-02,-0.073396625,-0.05282253,-0.05835464,-0.063657598
23.09998,-6.00E-02,-0.07337095,-0.052946105,-0.05851406,-0.063808786
23.21998,-6.02E-02,-0.0733503,-0.053020455,-0.058659905,-0.063949543
23.33998,-6.03E-02,-0.073381025,-0.05312768,-0.058773408,-0.064086241
23.45998,-6.05E-02,-0.0734242,-0.05320793,-0.058904455,-0.064214641
23.57998,-6.06E-02,-0.073385825,-0.05330753,-0.059047903,-0.064325723
23.69998,-6.08E-02,-0.073352425,-0.053393405,-0.059181698,-0.064430871
23.81998,-6.10E-02,-0.073361275,-0.05350228,-0.059511953,-0.064594963
23.93998,-6.11E-02,-0.073368325,-0.05355853,-0.05968328,-0.064740211
24.05998,-6.12E-02,-0.073416525,-0.053652605,-0.059787675,-0.064902078
24.17998,-6.14E-02,-0.07338545,-0.053744055,-0.059842565,-0.065015421
24.29998,-6.15E-02,-0.073351925,-0.053887055,-0.059916848,-0.065139273
24.41998,-6.17E-02,-0.07333075,-0.053997155,-0.060003808,-0.065270568
24.53998,-6.18E-02,-0.0733398,-0.054020805,-0.060206845,-0.065398358
24.65998,-6.19E-02,-0.073376525,-0.054102455,-0.060325225,-0.065509438
24.77998,-6.21E-02,-0.0733928,-0.05419373,-0.060357285,-0.065607698
24.89998,-6.23E-02,-0.07336095,-0.054275655,-0.060451025,-0.065716101
25.01998,-6.24E-02,-0.073369525,-0.054362855,-0.060549778,-0.065840266
25.13998,-6.25E-02,-0.07338245,-0.05442068,-0.060701943,-0.065983878
25.25998,-6.26E-02,-0.073404275,-0.054491105,-0.060813193,-0.066124806
25.37998,-6.28E-02,-0.07337465,-0.054593355,-0.060943518,-0.066220788
25.49998,-6.29E-02,-0.0733581,-0.054668355,-0.061031268,-0.066320106
25.61998,-6.30E-02,-0.07332365,-0.054749855,-0.061136795,-0.066449053
25.73997,-6.32E-02,-0.0733415,-0.05481603,-0.061319705,-0.066556558
25.85997,-6.33E-02,-0.07334465,-0.05487928,-0.061423988,-0.066682758
25.97997,-6.35E-02,-0.07336825,-0.05495793,-0.061489785,-0.066794566
26.09997,-6.36E-02,-0.073430425,-0.055054655,-0.061557255,-0.066887126
26.21997,-6.37E-02,-0.073360325,-0.05513068,-0.061704013,-0.066997678
26.33997,-6.39E-02,-0.073334175,-0.05518873,-0.061808815,-0.067100408
26.45997,-6.40E-02,-0.07335495,-0.05524843,-0.0619413,-0.067233713
26.57997,-6.41E-02,-0.0733752,-0.055360205,-0.0620181,-0.067333331
26.69997,-6.42E-02,-0.0734305,-0.055418905,-0.062150735,-0.067432591
26.81997,-6.43E-02,-0.0733989,-0.05546728,-0.062234785,-0.067523383
26.93997,-6.44E-02,-0.0733549,-0.055539705,-0.062327463,-0.067643768
27.05997,-6.45E-02,-0.073346925,-0.055589255,-0.062479835,-0.067753981
27.17997,-6.47E-02,-0.07338045,-0.05567578,-0.062558358,-0.067877821
27.29997,-6.48E-02,-0.073392725,-0.05575288,-0.062646378,-0.067957801
27.41997,-6.49E-02,-0.0733935,-0.05581263,-0.062725263,-0.068061068
27.53997,-6.50E-02,-0.073353175,-0.05587423,-0.062842455,-0.068147941
27.65997,-6.51E-02,-0.07334305,-0.05593898,-0.062945063,-0.068246616
27.77997,-6.53E-02,-0.0733713,-0.05598643,-0.063072833,-0.068380903
27.89997,-6.55E-02,-0.073382475,-0.056051255,-0.063135583,-0.068487023
28.01997,-6.55E-02,-0.073392125,-0.05612858,-0.063266043,-0.068588231
28.13997,-6.56E-02,-0.07337285,-0.05620133,-0.063305933,-0.068618458
28.25997,-6.58E-02,-0.073362425,-0.056244655,-0.063420433,-0.068730718
28.37997,-6.59E-02,-0.07335585,-0.05628518,-0.06353701,-0.068769263
28.49997,-6.60E-02,-0.073367525,-0.056375555,-0.063650133,-0.069029698
28.61997,-6.61E-02,-0.073396625,-0.056538755,-0.063699473,-0.069237123
28.73997,-6.62E-02,-0.0733619,-0.05655578,-0.063757273,-0.069348233
28.85997,-6.63E-02,-0.073336225,-0.05659098,-0.063952448,-0.069440878
28.97997,-6.64E-02,-0.0733548,-0.056649105,-0.064018948,-0.069519861
29.09997,-6.65E-02,-0.073418725,-0.05666203,-0.064161848,-0.069631518
29.21997,-6.66E-02,-0.0734273,-0.056694155,-0.064213723,-0.069666026
29.33997,-6.67E-02,-0.073380475,-0.05676553,-0.064249723,-0.069728716
29.45997,-6.69E-02,-0.07337955,-0.05684548,-0.064371348,-0.069796041
29.57997,-6.69E-02,-0.073339,-0.056871055,-0.064517298,-0.069871623
29.69997,-6.70E-02,-0.073360275,-0.056972005,-0.064617273,-0.069933263
29.81997,-6.71E-02,-0.0733811,-0.057091255,-0.064682748,-0.070006126
29.93997,-6.72E-02,-0.073407675,-0.05711623,-0.064690298,-0.070074748
30.05997,-6.73E-02,-0.0733866,-0.05718138,-0.064754023,-0.070164071
30.17997,-6.74E-02,-0.073364275,-0.05723538,-0.064769048,-0.070240396
30.29997,-6.76E-02,-0.073353225,-0.05718893,-0.064889623,-0.070314761
30.41997,-6.77E-02,-0.07338575,-0.057240505,-0.065018348,-0.070434966
30.53997,-6.77E-02,-0.073398275,-0.05729473,-0.065052923,-0.070572798
30.65997,-6.78E-02,-0.0734057,-0.057353205,-0.065126298,-0.070665498
30.77997,-6.79E-02,-0.0733557,-0.05740078,-0.065213448,-0.070675671
30.89997,-6.81E-02,-0.07336255,-0.057441955,-0.065271373,-0.070762073
31.01997,-6.82E-02,-0.07336295,-0.057490205,-0.065394173,-0.070789568
31.13997,-6.82E-02,-0.073432275,-0.05754928,-0.065525248,-0.070804146
31.25997,-6.83E-02,-0.073393775,-0.05759848,-0.065547898,-0.070908398
31.37997,-6.84E-02,-0.073355775,-0.057664205,-0.065617123,-0.070983903
31.49997,-6.85E-02,-0.073340175,-0.05765423,-0.065655173,-0.071075738
31.61997,-6.85E-02,-0.07334875,-0.05770378,-0.065716623,-0.071130963
31.73997,-6.86E-02,-0.0733919,-0.05773263,-0.065784073,-0.071204158
31.85997,-6.87E-02,-0.073381725,-0.05777758,-0.065878048,-0.071292716
31.97997,-6.88E-02,-0.0733631,-0.057836655,-0.065906748,-0.071361383
32.09997,-6.89E-02,-0.07329595,-0.057869505,-0.065987673,-0.071441328
32.21997,-6.90E-02,-0.073323325,-0.05791568,-0.066041973,-0.071503748
32.33997,-6.90E-02,-0.073364575,-0.05796033,-0.066144748,-0.071597911
32.45997,-6.91E-02,-0.073400675,-0.058006855,-0.066195773,-0.071652013
32.57997,-6.92E-02,-0.07338895,-0.058052805,-0.066290373,-0.071728208
32.69997,-6.93E-02,-0.07337145,-0.05811228,-0.066346098,-0.071797533
32.81997,-6.94E-02,-0.073338,-0.058083055,-0.066394648,-0.071890041
32.93997,-6.95E-02,-0.073356275,-0.05810233,-0.066473273,-0.071930921
33.05997,-6.95E-02,-0.073401525,-0.058163405,-0.066572298,-0.071986838
33.17997,-6.96E-02,-0.07336955,-0.05825958,-0.066686448,-0.072031771
33.29997,-6.97E-02,-0.0733749,-0.058318655,-0.066655198,-0.072090116
33.41997,-6.98E-02,-0.07333585,-0.05829343,-0.066738648,-0.072171853
33.53997,-6.98E-02,-0.0733487,-0.058329205,-0.066890948,-0.072233476
33.65997,-6.99E-02,-0.0733951,-0.05837983,-0.066921673,-0.072299183
33.77997,-7.00E-02,-0.073361325,-0.05841763,-0.067002823,-0.072375031
33.89997,-7.01E-02,-0.073351425,-0.05846128,-0.067086973,-0.072451968
34.01997,-7.02E-02,-0.073324925,-0.05849228,-0.067143248,-0.072528638
34.13997,-7.03E-02,-0.073336725,-0.05854278,-0.067174623,-0.072628006
34.25997,-7.03E-02,-0.0733514,-0.058516405,-0.067228373,-0.072618866
34.37997,-7.04E-02,-0.0733553,-0.058570205,-0.067275073,-0.072667026
34.49997,-7.05E-02,-0.073356775,-0.058639955,-0.067379673,-0.072711533
34.61997,-7.06E-02,-0.0733272,-0.05864323,-0.067420648,-0.072815576
34.73997,-7.07E-02,-0.07329935,-0.058685855,-0.067469048,-0.072883583
34.85997,-7.07E-02,-0.073348525,-0.058718155,-0.067571473,-0.072931421
34.97997,-7.07E-02,-0.073382825,-0.05877408,-0.067626473,-0.072972816
35.09997,-7.08E-02,-0.07337055,-0.058810905,-0.067648348,-0.073051358
35.21997,-7.09E-02,-0.073333475,-0.058829955,-0.067666423,-0.073107211
35.33997,-7.09E-02,-0.07332085,-0.058852855,-0.067746273,-0.073168721
35.45997,-7.10E-02,-0.0733331,-0.05887633,-0.067826148,-0.073259431
35.57997,-7.11E-02,-0.073382,-0.05890253,-0.067894798,-0.073284556
35.69996,-7.11E-02,-0.073393925,-0.05893313,-0.067943948,-0.073338756
35.81996,-7.13E-02,-0.073336075,-0.058965405,-0.068002198,-0.073400553
35.93996,-7.13E-02,-0.073346225,-0.05898218,-0.068051398,-0.073463153
36.05996,-7.13E-02,-0.07332605,-0.05903113,-0.068093223,-0.073522831
36.17996,-7.14E-02,-0.07337245,-0.05901698,-0.068153773,-0.073554266
36.29996,-7.15E-02,-0.0733524,-0.059038805,-0.068178073,-0.073635093
36.41996,-7.15E-02,-0.073377675,-0.059093455,-0.068242973,-0.073640838
36.53996,-7.16E-02,-0.07334865,-0.05914303,-0.068280548,-0.073717533
36.65996,-7.17E-02,-0.073354075,-0.059150555,-0.068345948,-0.073751518
36.77996,-7.17E-02,-0.073319875,-0.059177205,-0.068386848,-0.073818916
36.89996,-7.18E-02,-0.0733454,-0.059212805,-0.068427423,-0.073865786
37.01996,-7.19E-02,-0.07335585,-0.059233405,-0.068500223,-0.073944683
37.13996,-7.19E-02,-0.073320675,-0.05925863,-0.068569123,-0.073980886
37.25996,-7.20E-02,-0.0733053,-0.059253605,-0.068579923,-0.074012261
37.37996,-7.20E-02,-0.073327975,-0.05929453,-0.068612423,-0.074063711
37.49996,-7.21E-02,-0.073334875,-0.05929393,-0.068686748,-0.074113841
37.61996,-7.22E-02,-0.073362325,-0.059342005,-0.068760248,-0.074150186
37.73996,-7.22E-02,-0.073369125,-0.059388855,-0.068811473,-0.074215881
37.85996,-7.23E-02,-0.073310125,-0.059403655,-0.068839948,-0.074268663
37.97996,-7.23E-02,-0.073303175,-0.059411905,-0.068873498,-0.074299988
38.09996,-7.24E-02,-0.073352775,-0.05946238,-0.068957223,-0.074351771
38.21996,-7.24E-02,-0.073374725,-0.059452555,-0.068981523,-0.074385003
38.33996,-7.25E-02,-0.073366925,-0.05947378,-0.069064323,-0.074425486
38.45996,-7.26E-02,-0.0733302,-0.05950848,-0.069110298,-0.074482778
38.57996,-7.26E-02,-0.0733257,-0.059509305,-0.069104798,-0.074527158
38.69996,-7.26E-02,-0.0733618,-0.059520855,-0.069179173,-0.074579431
38.81996,-7.27E-02,-0.073412175,-0.059556005,-0.069313048,-0.074605141
38.93996,-7.28E-02,-0.0733484,-0.05958333,-0.069479473,-0.074661098
39.05996,-7.28E-02,-0.0733243,-0.05959223,-0.069591998,-0.074706951
39.17996,-7.29E-02,-0.073314475,-0.05961678,-0.069552023,-0.074765891
39.29996,-7.30E-02,-0.07331665,-0.05960453,-0.069457523,-0.074808763
39.41996,-7.30E-02,-0.073363275,-0.05964333,-0.069400573,-0.074861308
39.53996,-7.30E-02,-0.0733738,-0.05971698,-0.069525273,-0.074872848
39.65996,-7.31E-02,-0.073385875,-0.05977483,-0.069577248,-0.074920643
39.77996,-7.31E-02,-0.0733341,-0.05975438,-0.069644673,-0.075032116
39.89996,-7.31E-02,-0.073318375,-0.05974988,-0.069595773,-0.075058493
40.01996,-7.32E-02,-0.073348125,-0.05975948,-0.069629423,-0.075039391
40.13996,-7.32E-02,-0.07337775,-0.059810805,-0.069775998,-0.075079118
40.25996,-7.34E-02,-0.073333475,-0.05988108,-0.069825873,-0.075103521
40.37996,-7.34E-02,-0.073305325,-0.05989068,-0.069838898,-0.075178043
40.49996,-7.34E-02,-0.073308825,-0.059854405,-0.069853498,-0.075245211
40.61996,-7.34E-02,-0.0733605,-0.05986378,-0.069884798,-0.075268111
40.73996,-7.35E-02,-0.07336135,-0.05987883,-0.070129698,-0.075324636
40.85996,-7.35E-02,-0.07335005,-0.059927155,-0.070346073,-0.075327806
40.97996,-7.36E-02,-0.07336115,-0.05993383,-0.070225023,-0.075382083
41.09996,-7.36E-02,-0.073348225,-0.05995873,-0.070149973,-0.075418026
41.21996,-7.36E-02,-0.073335825,-0.05992583,-0.070169223,-0.075457553
41.33996,-7.37E-02,-0.073380625,-0.05996743,-0.070221673,-0.075515236
41.45996,-7.38E-02,-0.073373,-0.05999363,-0.070262523,-0.075529591
41.57996,-7.38E-02,-0.0733308,-0.06002573,-0.070340923,-0.075558033
41.69996,-7.39E-02,-0.073301325,-0.06004153,-0.070307123,-0.075580091
41.81996,-7.39E-02,-0.0733038,-0.06003983,-0.070366673,-0.075639466
41.93996,-7.39E-02,-0.073352625,-0.060052955,-0.070419973,-0.075668161
42.05996,-7.39E-02,-0.073344025,-0.060069105,-0.070381398,-0.075705678
42.17996,-7.40E-02,-0.07334155,-0.06011328,-0.070410973,-0.075741498
42.29996,-7.40E-02,-0.073309775,-0.06011918,-0.070445148,-0.075767528
42.41996,-7.41E-02,-0.073327625,-0.06013298,-0.070425898,-0.075821068
42.53996,-7.41E-02,-0.073333425,-0.06012348,-0.070498223,-0.075865321
42.65996,-7.41E-02,-0.073356525,-0.060158855,-0.070534573,-0.075855501
42.77996,-7.42E-02,-0.0733584,-0.06018693,-0.070570948,-0.075891048
42.89996,-7.43E-02,-0.0733271,-0.06026353,-0.070601073,-0.075931723
43.01996,-7.43E-02,-0.073303875,-0.06020303,-0.070600473,-0.075983548
43.13996,-7.44E-02,-0.073322275,-0.06017768,-0.070662973,-0.076023108
43.25996,-7.43E-02,-0.07334855,-0.060215055,-0.070656673,-0.076059068
43.37996,-7.43E-02,-0.07333205,-0.06023623,-0.070696873,-0.076077766
43.49996,-7.45E-02,-0.073325325,-0.060258305,-0.070697048,-0.076087833
43.61996,-7.45E-02,-0.073304275,-0.060269055,-0.070781748,-0.076149846
43.73996,-7.46E-02,-0.07330745,-0.060291455,-0.070730373,-0.076209911
43.85996,-7.45E-02,-0.073318675,-0.06029753,-0.070756648,-0.076240853
43.97996,-7.45E-02,-0.0733347,-0.060314355,-0.070786673,-0.076354713
44.09996,-7.46E-02,-0.073317025,-0.06033253,-0.070838448,-0.076252878
44.21996,-7.47E-02,-0.07329525,-0.06035058,-0.070875073,-0.076302536
44.33996,-7.47E-02,-0.0733187,-0.060331005,-0.070876298,-0.076432338
44.45996,-7.47E-02,-0.073329375,-0.060335455,-0.070895023,-0.076557723
44.57996,-7.48E-02,-0.07333955,-0.06034233,-0.070953648,-0.076665073
44.69996,-7.48E-02,-0.07335185,-0.060380205,-0.070980123,-0.076681211
44.81996,-7.49E-02,-0.07329885,-0.06039143,-0.071013498,-0.076651708
44.93996,-7.49E-02,-0.0732951,-0.060393855,-0.071035373,-0.076559988
45.05996,-7.50E-02,-0.073313075,-0.06040618,-0.071080248,-0.076565123
45.17996,-7.50E-02,-0.07334465,-0.06044193,-0.071102323,-0.076670033
45.29996,-7.50E-02,-0.0733415,-0.060447255,-0.071142098,-0.076721718
45.41996,-7.50E-02,-0.073325725,-0.060470605,-0.071161398,-0.076719981
45.53995,-7.50E-02,-0.073285925,-0.060469705,-0.071184523,-0.076684686
45.65995,-7.51E-02,-0.07329625,-0.060485655,-0.071203898,-0.076694503
45.77995,-7.51E-02,-0.0733165,-0.060477955,-0.071231448,-0.076785976
45.89995,-7.51E-02,-0.073317325,-0.060467205,-0.071314098,-0.076791461
46.01995,-7.52E-02,-0.073316825,-0.060479955,-0.071350648,-0.076822833
46.13995,-7.52E-02,-0.073340475,-0.060507955,-0.071333948,-0.076834311
46.25995,-7.52E-02,-0.07330885,-0.06051313,-0.071322348,-0.076867718
46.37995,-7.52E-02,-0.07337045,-0.06049388,-0.071345298,-0.076883711
46.49995,-7.53E-02,-0.0733512,-0.060523205,-0.071366523,-0.076953793
46.61995,-7.53E-02,-0.07335065,-0.060540855,-0.071413673,-0.076948118
46.73995,-7.54E-02,-0.073350725,-0.060557205,-0.071411298,-0.076989708
46.85995,-7.54E-02,-0.073313025,-0.06059488,-0.071448298,-0.077006271
46.97995,-7.54E-02,-0.073316075,-0.060555005,-0.071477623,-0.077045881
47.09995,-7.54E-02,-0.0733327,-0.06058188,-0.071500523,-0.077092513
47.21995,-7.54E-02,-0.0733614,-0.060604455,-0.071539848,-0.077042708
47.33995,-7.54E-02,-0.0733343,-0.060625855,-0.071558198,-0.077054973
47.45995,-7.55E-02,-0.07332075,-0.06061908,-0.071595898,-0.077114103
47.57995,-7.55E-02,-0.073301975,-0.06061683,-0.071587098,-0.077139436
47.69995,-7.56E-02,-0.073347575,-0.060639105,-0.071640898,-0.077165326
47.81995,-7.56E-02,-0.073339875,-0.060648405,-0.071623548,-0.077172241
47.93995,-7.57E-02,-0.07335095,-0.060697655,-0.071688198,-0.077228171
48.05995,-7.57E-02,-0.073323275,-0.060687205,-0.071713173,-0.077253878
48.17995,-7.57E-02,-0.073318425,-0.060670455,-0.071733748,-0.077276281
48.29995,-7.58E-02,-0.073316675,-0.060670305,-0.071759848,-0.077290093
48.41995,-7.58E-02,-0.07332365,-0.060701255,-0.071761673,-0.077320606
48.53995,-7.58E-02,-0.0733338,-0.06071323,-0.071783873,-0.077347906
48.65995,-7.58E-02,-0.073323875,-0.060718605,-0.071820248,-0.077296858
48.77995,-7.59E-02,-0.073330725,-0.06072538,-0.071900498,-0.077380053
48.89995,-7.59E-02,-0.07334945,-0.060711505,-0.071865173,-0.077414091
49.01995,-7.59E-02,-0.0733588,-0.060740105,-0.071899248,-0.077441391
49.13995,-7.59E-02,-0.07340325,-0.06075978,-0.071905223,-0.077475431
49.25995,-7.60E-02,-0.073358375,-0.06077443,-0.071918323,-0.077448083
49.37995,-7.60E-02,-0.07333745,-0.060730605,-0.071985498,-0.077509313
49.49995,-7.60E-02,-0.07332155,-0.06074403,-0.072029948,-0.077479826
49.61995,-7.60E-02,-0.07331765,-0.06076528,-0.071984973,-0.077511701
49.73995,-7.61E-02,-0.07337915,-0.060804155,-0.071995548,-0.077542876
49.85995,-7.61E-02,-0.0733464,-0.06078303,-0.072087898,-0.077581646
49.97995,-7.61E-02,-0.07336545,-0.06078143,-0.072125298,-0.077610813
50.09995,-7.61E-02,-0.073344825,-0.060775655,-0.072143873,-0.077599768
50.21995,-7.61E-02,-0.0733376,-0.06079738,-0.072130123,-0.077579356
50.33995,-7.62E-02,-0.073347025,-0.06081418,-0.072181098,-0.077571371
50.45995,-7.62E-02,-0.07336715,-0.06084853,-0.072162748,-0.077617518
50.57995,-7.62E-02,-0.073321775,-0.06085338,-0.072176923,-0.077617378
50.69995,-7.62E-02,-0.073342175,-0.060843005,-0.072170523,-0.077569191
50.81995,-7.62E-02,-0.07334365,-0.060817605,-0.072196723,-0.077568736
50.93995,-7.63E-02,-0.073350125,-0.06082983,-0.072167173,-0.077585913
51.05995,-7.63E-02,-0.073369725,-0.06086838,-0.072235398,-0.077607551
51.17995,-7.64E-02,-0.073369125,-0.06087143,-0.072305748,-0.077645031
51.29995,-7.63E-02,-0.0733188,-0.06087103,-0.072286773,-0.077652056
51.41995,-7.64E-02,-0.0733366,-0.06084783,-0.072325373,-0.077678053
51.53995,-7.64E-02,-0.073338775,-0.060857405,-0.072301223,-0.077671038
51.65995,-7.64E-02,-0.073338625,-0.060887505,-0.072296773,-0.077670123
51.77995,-7.65E-02,-0.0733377,-0.060937605,-0.072360698,-0.077714771
51.89995,-7.65E-02,-0.073370275,-0.060915555,-0.072351548,-0.077721743
52.01995,-7.65E-02,-0.073342625,-0.06086248,-0.072378248,-0.077725766
52.13995,-7.65E-02,-0.0733828,-0.060877655,-0.072407473,-0.077741233
52.25995,-7.66E-02,-0.073346125,-0.060888655,-0.072455098,-0.077729108
52.37995,-7.66E-02,-0.07332215,-0.060924505,-0.072508973,-0.077741916
52.49995,-7.66E-02,-0.073369,-0.06093868,-0.072505648,-0.077772796
52.61995,-7.66E-02,-0.0733619,-0.060921905,-0.072521198,-0.077776776
52.73995,-7.66E-02,-0.07338575,-0.060932355,-0.072518048,-0.077797088
52.85995,-7.66E-02,-0.073351775,-0.060925055,-0.072543273,-0.077801588
52.97995,-7.67E-02,-0.073340725,-0.06095538,-0.072497348,-0.077797293
53.09995,-7.67E-02,-0.07335655,-0.06096718,-0.072521823,-0.077818823
53.21995,-7.67E-02,-0.073335725,-0.06096063,-0.072534948,-0.077848471
53.33995,-7.67E-02,-0.0733372,-0.06097033,-0.072543698,-0.077826168
53.45995,-7.67E-02,-0.07337005,-0.060972605,-0.072625498,-0.077807643
53.57995,-7.67E-02,-0.073340825,-0.060966555,-0.072706623,-0.077853208
53.69995,-7.68E-02,-0.0733301,-0.060987955,-0.072720823,-0.077839458
53.81995,-7.68E-02,-0.0733286,-0.060985155,-0.072720723,-0.077863463
53.93995,-7.68E-02,-0.073318175,-0.060971405,-0.072772623,-0.077897961
54.05995,-7.68E-02,-0.073364275,-0.06098043,-0.072729823,-0.077908211
54.17995,-7.68E-02,-0.0733254,-0.06098408,-0.072798923,-0.077922071
54.29995,-7.68E-02,-0.073322325,-0.060985605,-0.072793673,-0.077925056
54.41995,-7.68E-02,-0.0733167,-0.06099368,-0.072794023,-0.077963403
54.53995,-7.68E-02,-0.07328645,-0.06098503,-0.072818448,-0.077978611
54.65995,-7.68E-02,-0.073327425,-0.06098333,-0.072854023,-0.078011496
54.77995,-7.68E-02,-0.0733234,-0.06101148,-0.072871723,-0.077977353
54.89995,-7.68E-02,-0.073307875,-0.06098663,-0.072906398,-0.078011443
55.01995,-7.69E-02,-0.0733159,-0.060981605,-0.072913373,-0.078033143
55.13995,-7.69E-02,-0.073345875,-0.061000455,-0.072873023,-0.078064111
55.25995,-7.69E-02,-0.073311975,-0.06101803,-0.072906673,-0.078105966
55.37994,-7.69E-02,-0.073308575,-0.06102428,-0.072847823,-0.078094221
55.49994,-7.70E-02,-0.073329625,-0.061005955,-0.072921223,-0.078136338
55.61994,-7.69E-02,-0.07331105,-0.061006505,-0.072856173,-0.078170916
55.73994,-7.69E-02,-0.07332435,-0.06101983,-0.072841298,-0.078184923
55.85994,-7.69E-02,-0.073312825,-0.060991455,-0.072815173,-0.078209451
55.97994,-7.70E-02,-0.073322525,-0.061018855,-0.072885148,-0.078231778
56.09994,-7.70E-02,-0.073362125,-0.06104388,-0.072915623,-0.078288201
56.21994,-7.70E-02,-0.073329975,-0.06102673,-0.072947473,-0.078315128
56.33994,-7.70E-02,-0.07330975,-0.06104533,-0.072889473,-0.078291776
56.45994,-7.70E-02,-0.073347525,-0.06101968,-0.072909148,-0.078324303
56.57994,-7.71E-02,-0.07330735,-0.061027155,-0.072917748,-0.078372643
56.69994,-7.71E-02,-0.07329425,-0.06102863,-0.072941948,-0.078374691
56.81994,-7.71E-02,-0.07332585,-0.06108943,-0.072953523,-0.078435543
56.93994,-7.71E-02,-0.07332025,-0.06112523,-0.072957648,-0.078453856
57.05994,-7.71E-02,-0.0733088,-0.061115205,-0.072953123,-0.078489761
57.17994,-7.71E-02,-0.073317225,-0.06105793,-0.072996698,-0.078503088
57.29994,-7.71E-02,-0.07330825,-0.06104803,-0.073057673,-0.078554933
57.41994,-7.71E-02,-0.073307725,-0.061097005,-0.073055098,-0.078575486
57.53994,-7.71E-02,-0.073311025,-0.06106338,-0.073069398,-0.078600693
57.65994,-7.71E-02,-0.073317975,-0.061079455,-0.073085373,-0.078584596
57.77994,-7.72E-02,-0.073322825,-0.061068705,-0.073106573,-0.078587133
57.89994,-7.72E-02,-0.0733003,-0.061086955,-0.073142523,-0.078638293
58.01994,-7.72E-02,-0.073334975,-0.061168955,-0.073140198,-0.078657581
58.13994,-7.72E-02,-0.073297525,-0.061115655,-0.073209848,-0.078711736
58.25994,-7.72E-02,-0.073302775,-0.061103555,-0.073158598,-0.078701756
58.37994,-7.72E-02,-0.07330755,-0.06109373,-0.073131873,-0.078709816
58.49994,-7.72E-02,-0.073305325,-0.06109038,-0.073121948,-0.078740991
58.61994,-7.73E-02,-0.073289425,-0.061120105,-0.073160448,-0.078780928
58.73994,-7.73E-02,-0.07331435,-0.061120855,-0.073108323,-0.078799518
58.85994,-7.73E-02,-0.073320925,-0.061114255,-0.073099948,-0.078795846
58.97994,-7.73E-02,-0.073307575,-0.061106305,-0.073163848,-0.078789891
59.09994,-7.73E-02,-0.073322125,-0.06109738,-0.073156023,-0.078812848
59.21994,-7.73E-02,-0.073309075,-0.06109528,-0.073236698,-0.078836801
59.33994,-7.73E-02,-0.073306225,-0.061127805,-0.073242073,-0.078861391
59.45994,-7.73E-02,-0.07331305,-0.06111133,-0.073190223,-0.078911913
59.57994,-7.73E-02,-0.07328925,-0.061120655,-0.073173523,-0.078862531
59.69994,-7.73E-02,-0.0733028,-0.061110555,-0.073199198,-0.078912353
59.81994,-7.73E-02,-0.073298025,-0.061152705,-0.073243098,-0.078867223
59.93994,-7.74E-02,-0.073306,-0.06112228,-0.073251948,-0.078927981
60.05994,-7.74E-02,-0.073298675,-0.061147955,-0.073234773,-0.078955248
60.17994,-7.74E-02,-0.073312875,-0.061142105,-0.073207523,-0.078905791
60.29994,-7.74E-02,-0.07329205,-0.06113658,-0.073232598,-0.078915173
60.41994,-7.74E-02,-0.07334115,-0.061154505,-0.073284973,-0.078918533
60.53994,-7.74E-02,-0.07327815,-0.06116543,-0.073254398,-0.078951691
60.65994,-7.74E-02,-0.073288475,-0.061142355,-0.073275698,-0.079011906
60.77994,-7.74E-02,-0.073295575,-0.061148255,-0.073235523,-0.079029703
60.89994,-7.74E-02,-0.073300125,-0.061155005,-0.073302898,-0.078953376
61.01994,-7.75E-02,-0.0732835,-0.061135105,-0.073308223,-0.078982981
61.13994,-7.75E-02,-0.07325535,-0.06114838,-0.073309548,-0.078968951
61.25994,-7.75E-02,-0.0733205,-0.061154455,-0.073311923,-0.078983163
61.37994,-7.75E-02,-0.07330415,-0.061150155,-0.073318948,-0.079053691
61.49994,-7.75E-02,-0.0732924,-0.061171605,-0.073383748,-0.078981098
61.61994,-7.75E-02,-0.073287475,-0.061142705,-0.073408373,-0.078995186
61.73994,-7.75E-02,-0.073295025,-0.06113443,-0.073402298,-0.079031176
61.85994,-7.75E-02,-0.073295675,-0.061137555,-0.073365148,-0.079074778
61.97994,-7.75E-02,-0.07331235,-0.061188905,-0.073364848,-0.079046463
62.09994,-7.76E-02,-0.073306475,-0.061216455,-0.073342423,-0.079030516
62.21994,-7.75E-02,-0.073318325,-0.06120328,-0.073401423,-0.078996518
62.33994,-7.76E-02,-0.073287875,-0.06115423,-0.073414973,-0.078986513
62.45994,-7.76E-02,-0.07329145,-0.061150405,-0.073421623,-0.079051278
62.57994,-7.76E-02,-0.0733074,-0.06117713,-0.073434073,-0.079071806
62.69994,-7.76E-02,-0.073335875,-0.061154805,-0.073539973,-0.079101116
62.81994,-7.76E-02,-0.07330115,-0.061180605,-0.073585948,-0.079080438
62.93994,-7.76E-02,-0.073295575,-0.06118493,-0.073576248,-0.079101096
63.05994,-7.76E-02,-0.07328295,-0.06119108,-0.073518748,-0.079034881
63.17994,-7.76E-02,-0.073283075,-0.061171405,-0.073447098,-0.079114923
63.29994,-7.77E-02,-0.073300925,-0.061208455,-0.073428798,-0.079098061
63.41994,-7.77E-02,-0.073321475,-0.061218355,-0.073447348,-0.079094183
63.53994,-7.77E-02,-0.073291125,-0.06118718,-0.073497648,-0.079096518
63.65994,-7.77E-02,-0.073263975,-0.061190605,-0.073515023,-0.079035851
63.77994,-7.77E-02,-0.073284,-0.06115883,-0.073559698,-0.079033933
63.89994,-7.77E-02,-0.07331695,-0.061199705,-0.073570698,-0.079100328
64.01994,-7.77E-02,-0.073341325,-0.06121923,-0.073563973,-0.079059551
64.13994,-7.77E-02,-0.0732892,-0.06120323,-0.073550048,-0.079094013
64.25994,-7.77E-02,-0.07327885,-0.06121838,-0.073644198,-0.079081733
64.37994,-7.77E-02,-0.073279425,-0.061191055,-0.073583898,-0.079071848
64.49994,-7.77E-02,-0.0733318,-0.06119918,-0.073539948,-0.079118263
64.61994,-7.77E-02,-0.0733299,-0.06121333,-0.073585923,-0.079118623
64.73994,-7.77E-02,-0.07331355,-0.061209655,-0.073616623,-0.079152668
64.85994,-7.77E-02,-0.073281975,-0.06120603,-0.073647973,-0.079107238
64.97994,-7.78E-02,-0.073283575,-0.06118373,-0.073666748,-0.079087791
65.09994,-7.77E-02,-0.07330175,-0.06118713,-0.073593998,-0.079116358
65.21994,-7.78E-02,-0.073317575,-0.061198605,-0.073580898,-0.079123841
65.33993,-7.78E-02,-0.0733111,-0.06124803,-0.073575473,-0.079123606
65.45993,-7.78E-02,-0.07334155,-0.06123163,-0.073629873,-0.079128546
65.57993,-7.78E-02,-0.07329595,-0.061209955,-0.073675273,-0.079101388
65.69993,-7.78E-02,-0.07329105,-0.061182755,-0.073670448,-0.079150068
65.81993,-7.78E-02,-0.07330735,-0.061215305,-0.073633698,-0.079133993
65.93993,-7.78E-02,-0.073293475,-0.061224305,-0.073614798,-0.079081068
66.05993,-7.78E-02,-0.07329465,-0.061215505,-0.073598173,-0.079044406
66.17993,-7.78E-02,-0.07328745,-0.06122013,-0.073638523,-0.079034361
66.29993,-7.78E-02,-0.073290625,-0.061172605,-0.073657073,-0.079023051
66.41993,-7.78E-02,-0.0733335,-0.061211305,-0.073640648,-0.079058403
66.53993,-7.78E-02,-0.0733042,-0.061207105,-0.073633498,-0.079079088
66.65993,-7.78E-02,-0.07333065,-0.061207455,-0.073640023,-0.079091426
66.77993,-7.78E-02,-0.0732687,-0.061224555,-0.073655873,-0.079093416
66.89993,-7.79E-02,-0.0732575,-0.061207955,-0.073701023,-0.079092056
67.01993,-7.79E-02,-0.073288575,-0.061194305,-0.073731873,-0.079054258
67.13993,-7.79E-02,-0.07328615,-0.06122078,-0.073711373,-0.079124506
67.25993,-7.79E-02,-0.073300025,-0.06121438,-0.073680873,-0.079103423
67.37993,-7.79E-02,-0.07333615,-0.06120653,-0.073715423,-0.079107546
67.49993,-7.79E-02,-0.073309925,-0.06117928,-0.073746848,-0.079097663
67.61993,-7.79E-02,-0.073270675,-0.06122083,-0.073758748,-0.079082961
67.73993,-7.79E-02,-0.073289275,-0.06121713,-0.073730898,-0.079105091
67.85993,-7.79E-02,-0.07327185,-0.061244055,-0.073695973,-0.079121541
67.97993,-7.79E-02,-0.073270875,-0.061235155,-0.073686748,-0.079116791
68.09993,-7.79E-02,-0.073251275,-0.061228205,-0.073718523,-0.079104553
68.21993,-7.79E-02,-0.07324765,-0.06123528,-0.073801698,-0.079066598
68.33993,-7.79E-02,-0.07328545,-0.061214205,-0.073826098,-0.079090526
68.45993,-7.79E-02,-0.073275275,-0.06125583,-0.073792023,-0.079132676
68.57993,-7.79E-02,-0.073258075,-0.06125848,-0.073721273,-0.079063478
68.69993,-7.79E-02,-0.073248625,-0.061236455,-0.073769123,-0.079044386
68.81993,-7.79E-02,-0.073236675,-0.06122128,-0.073783973,-0.079034091
68.93993,-7.79E-02,-0.073235225,-0.061240605,-0.073752773,-0.079107931
69.05993,-7.79E-02,-0.073278725,-0.061260055,-0.073757823,-0.079141218
69.17993,-7.80E-02,-0.0732669,-0.061259905,-0.073737648,-0.079139951
69.29993,-7.80E-02,-0.073258575,-0.061236655,-0.073748423,-0.079158828
69.41993,-7.80E-02,-0.0732354,-0.061233305,-0.073831823,-0.079130316
69.53993,-7.80E-02,-0.073240425,-0.06123888,-0.073867398,-0.079126061
69.65993,-7.80E-02,-0.073258775,-0.06124473,-0.073855548,-0.079152741
69.77993,-7.80E-02,-0.073256325,-0.06129798,-0.073823248,-0.079217596
69.89993,-7.80E-02,-0.073253575,-0.061345955,-0.073838798,-0.079208871
70.01993,-7.80E-02,-0.073243275,-0.06128233,-0.073873373,-0.079171268
70.13993,-7.80E-02,-0.073200525,-0.061252755,-0.073851398,-0.079187713
70.25993,-7.80E-02,-0.07321705,-0.06127318,-0.073803023,-0.079224678
70.37993,-7.80E-02,-0.07321295,-0.06130298,-0.073797823,-0.079217603
70.49993,-7.80E-02,-0.073216625,-0.06130273,-0.073829873,-0.079246023
70.61993,-7.81E-02,-0.073212325,-0.06129243,-0.073854298,-0.079254221
70.73993,-7.80E-02,-0.073188375,-0.061264155,-0.073903348,-0.079208328
70.85993,-7.80E-02,-0.0732014,-0.06127318,-0.073871023,-0.079180188
70.97993,-7.80E-02,-0.07319845,-0.06129248,-0.073915323,-0.079212891
71.09993,-7.80E-02,-0.073200675,-0.06130793,-0.073956373,-0.079229958
71.21993,-7.81E-02,-0.073190675,-0.061284805,-0.073909823,-0.079245628
71.33993,-7.81E-02,-0.073186575,-0.061290855,-0.073902498,-0.079264906
71.45993,-7.81E-02,-0.07320685,-0.061275405,-0.073951173,-0.079263008
71.57993,-7.81E-02,-0.073231925,-0.061288905,-0.073903023,-0.079308541
71.69993,-7.81E-02,-0.07322515,-0.06131763,-0.073817823,-0.079385688
71.81993,-7.80E-02,-0.07320065,-0.06130663,-0.073833448,-0.079358781
71.93993,-7.81E-02,-0.0731797,-0.061323155,-0.073818773,-0.079338151
72.05993,-7.81E-02,-0.07320185,-0.061350805,-0.073876648,-0.079298661
72.17993,-7.81E-02,-0.07321445,-0.061368555,-0.073917723,-0.079284033
72.29993,-7.80E-02,-0.073222275,-0.061362005,-0.073887973,-0.079352511
72.41993,-7.81E-02,-0.073214125,-0.06133413,-0.073904298,-0.079380826
72.53993,-7.81E-02,-0.0732111,-0.061304405,-0.073925173,-0.079419436
72.65993,-7.81E-02,-0.073215125,-0.06129973,-0.073929348,-0.079425876
72.77993,-7.81E-02,-0.073221775,-0.06129828,-0.073947223,-0.079430473
72.89993,-7.81E-02,-0.07324375,-0.06134078,-0.073935098,-0.079458211
73.01993,-7.81E-02,-0.073202725,-0.06131948,-0.073912373,-0.079500616
73.13993,-7.81E-02,-0.073168725,-0.061309905,-0.073927473,-0.079571513
73.25993,-7.81E-02,-0.073165725,-0.06126393,-0.073948298,-0.079504226
73.37993,-7.81E-02,-0.0731956,-0.06126683,-0.073929123,-0.079459461
73.49993,-7.82E-02,-0.07321745,-0.06131083,-0.073888573,-0.079452733
73.61993,-7.81E-02,-0.073206275,-0.06131353,-0.073936448,-0.079487673
73.73993,-7.81E-02,-0.073193225,-0.061317355,-0.073981873,-0.079510151
73.85993,-7.81E-02,-0.07318745,-0.061269455,-0.073892373,-0.079485101
73.97993,-7.81E-02,-0.07320905,-0.06126908,-0.073913598,-0.079491813
74.09993,-7.81E-02,-0.073215125,-0.061269505,-0.073974698,-0.079561426
74.21993,-7.81E-02,-0.0732026,-0.06129263,-0.073965573,-0.079572851
74.33993,-7.82E-02,-0.073220375,-0.061277005,-0.073954723,-0.079583141
74.45993,-7.82E-02,-0.073194475,-0.06126673,-0.073931898,-0.079649658
74.57993,-7.82E-02,-0.073316075,-0.06126413,-0.073962598,-0.079605548
74.69993,-7.81E-02,-0.073368,-0.061274055,-0.073941198,-0.079578616
74.81993,-7.81E-02,-0.073248075,-0.06129088,-0.073954598,-0.079601336
74.93993,-7.82E-02,-0.0732092,-0.06128243,-0.073956648,-0.079595378
75.05993,-7.82E-02,-0.0732267,-0.061281355,-0.073907323,-0.079721786
75.17992,-7.81E-02,-0.07320455,-0.06128683,-0.073954823,-0.079703556
75.29992,-7.81E-02,-0.0732304,-0.06127293,-0.073991498,-0.079703223
75.41992,-7.82E-02,-0.073232375,-0.06129143,-0.073966773,-0.079649018
75.53992,-7.82E-02,-0.073253375,-0.061285905,-0.073983498,-0.079692861
75.65992,-7.83E-02,-0.073223575,-0.061290705,-0.073942948,-0.079746343
75.77992,-7.83E-02,-0.0732009,-0.06126618,-0.073965023,-0.079797948
75.89992,-7.82E-02,-0.07321415,-0.061266605,-0.073990473,-0.079765216
76.01992,-7.83E-02,-0.073224975,-0.06131218,-0.073989573,-0.079748076
76.13992,-7.82E-02,-0.073241175,-0.06131743,-0.073991973,-0.079663366
76.25992,-7.82E-02,-0.073221775,-0.061289655,-0.073984898,-0.079718613
76.37992,-7.82E-02,-0.073191925,-0.06129288,-0.074010648,-0.079765356
76.49992,-7.82E-02,-0.073230425,-0.061291505,-0.073949923,-0.079750711
76.61992,-7.82E-02,-0.0732385,-0.06129228,-0.073971748,-0.079713686
76.73992,-7.82E-02,-0.073286175,-0.061319555,-0.073966323,-0.079748601
76.85992,-7.82E-02,-0.073237225,-0.061330955,-0.073972748,-0.079752006
76.97992,-7.82E-02,-0.0732201,-0.061281505,-0.074016423,-0.079853783
77.09992,-7.82E-02,-0.073249725,-0.061282555,-0.073975823,-0.079835258
77.21992,-7.82E-02,-0.073266025,-0.061345955,-0.073991923,-0.079833733
77.33992,-7.82E-02,-0.073265575,-0.061341705,-0.073983848,-0.079787258
77.45992,-7.82E-02,-0.073278875,-0.06131278,-0.074037148,-0.079810543
77.57992,-7.83E-02,-0.0732584,-0.061284105,-0.073999073,-0.079851808
77.69992,-7.82E-02,-0.0732308,-0.06130048,-0.073985173,-0.079875051
77.81992,-7.82E-02,-0.073243975,-0.06129868,-0.074010648,-0.079870676
77.93992,-7.82E-02,-0.073262275,-0.06133983,-0.074035048,-0.079846043
78.05992,-7.82E-02,-0.073268475,-0.061340955,-0.074045298,-0.079853773
78.17992,-7.83E-02,-0.0732638,-0.06133898,-0.074030673,-0.079894286
78.29992,-7.82E-02,-0.07324085,-0.06134953,-0.073998173,-0.079933348
78.41992,-7.82E-02,-0.07323515,-0.06133748,-0.074005048,-0.079952638
78.53992,-7.82E-02,-0.0732582,-0.061390205,-0.074040498,-0.079971163
78.65992,-7.82E-02,-0.073260775,-0.061362105,-0.074039698,-0.079929091
78.77992,-7.83E-02,-0.07324165,-0.06134588,-0.074077223,-0.079937796
78.89992,-7.82E-02,-0.073230575,-0.06133533,-0.074007523,-0.079985556
79.01992,-7.82E-02,-0.073243175,-0.06128793,-0.074025448,-0.079970003
79.13992,-7.82E-02,-0.073267225,-0.061343505,-0.074016973,-0.080017241
79.25992,-7.83E-02,-0.0732654,-0.06136368,-0.074058098,-0.079965436
79.37992,-7.83E-02,-0.07326725,-0.061355155,-0.074043623,-0.079977711
79.49992,-7.83E-02,-0.07325385,-0.06135698,-0.074015498,-0.080010791
79.61992,-7.83E-02,-0.0732509,-0.06134013,-0.074034223,-0.080042451
79.73992,-7.82E-02,-0.073269725,-0.061361955,-0.073998298,-0.080039961
79.85992,-7.82E-02,-0.0732494,-0.061360355,-0.074037223,-0.080031843
79.97992,-7.83E-02,-0.07326645,-0.06135643,-0.074036298,-0.080033726
80.09992,-7.83E-02,-0.0732927,-0.061364755,-0.074053723,-0.080023176
80.21992,-7.83E-02,-0.073284625,-0.06134088,-0.074090573,-0.080068661
80.33992,-7.82E-02,-0.073273675,-0.06129808,-0.074052273,-0.080105281
80.45992,-7.82E-02,-0.07327975,-0.06134083,-0.074124423,-0.080088098
80.57992,-7.83E-02,-0.073282725,-0.06135503,-0.074177498,-0.080042611
80.69992,-7.83E-02,-0.07332075,-0.061354505,-0.074075598,-0.080060373
80.81992,-7.83E-02,-0.073308425,-0.061322805,-0.074145798,-0.080086851
80.93992,-7.83E-02,-0.073290225,-0.061335905,-0.074121923,-0.080170866
81.05992,-7.82E-02,-0.073262775,-0.06132548,-0.074136598,-0.080150423
81.17992,-7.82E-02,-0.073281575,-0.06133888,-0.074170248,-0.080179376
81.29992,-7.83E-02,-0.073283575,-0.061389505,-0.074181023,-0.080180421
81.41992,-7.83E-02,-0.0732729,-0.06133563,-0.074176948,-0.080183543
81.53992,-7.83E-02,-0.073282525,-0.061323905,-0.074144798,-0.080229348
81.65992,-7.82E-02,-0.07329385,-0.061339605,-0.074178273,-0.080166163
81.77992,-7.83E-02,-0.073305575,-0.06133233,-0.074171973,-0.080137701
81.89992,-7.83E-02,-0.073367425,-0.061354255,-0.074163223,-0.080084366
82.01992,-7.83E-02,-0.0733046,-0.06136778,-0.074128948,-0.080096031
82.13992,-7.83E-02,-0.073300575,-0.06134578,-0.074173123,-0.080148368
82.25992,-7.83E-02,-0.07333325,-0.06133488,-0.074133198,-0.080178526
82.37992,-7.83E-02,-0.073307975,-0.061384355,-0.074144173,-0.080211943
82.49992,-7.83E-02,-0.073317475,-0.06140593,-0.074131248,-0.080134983
82.61992,-7.83E-02,-0.073309475,-0.061398455,-0.074134748,-0.080136303
82.73992,-7.83E-02,-0.073362775,-0.06136848,-0.074152098,-0.080115538
82.85992,-7.82E-02,-0.07336745,-0.061378755,-0.074153498,-0.080158223
82.97992,-7.83E-02,-0.073332875,-0.06138628,-0.074145723,-0.080161431
83.09992,-7.83E-02,-0.0733274,-0.06138303,-0.074158898,-0.080144443
83.21992,-7.83E-02,-0.0733251,-0.06138388,-0.074176248,-0.080110173
83.33992,-7.83E-02,-0.0733106,-0.06138953,-0.074190973,-0.080120506
83.45992,-7.83E-02,-0.073307325,-0.06133758,-0.074191373,-0.080161641
83.57992,-7.83E-02,-0.073319175,-0.061311005,-0.074184823,-0.080179563
83.69992,-7.83E-02,-0.073388525,-0.061336755,-0.074181773,-0.080183546
83.81992,-7.83E-02,-0.07338875,-0.061345855,-0.074182198,-0.080132351
83.93992,-7.83E-02,-0.073287825,-0.061360405,-0.074204998,-0.080120813
84.05992,-7.83E-02,-0.073305,-0.061347155,-0.074208348,-0.080146058
84.17992,-7.83E-02,-0.0733044,-0.06135438,-0.074177298,-0.080179571
84.29992,-7.83E-02,-0.0733199,-0.061349805,-0.074193598,-0.080178361
84.41992,-7.83E-02,-0.07330495,-0.061383505,-0.074227073,-0.080155728
84.53992,-7.83E-02,-0.073292375,-0.061362605,-0.074223873,-0.080145018
84.65992,-7.83E-02,-0.073256575,-0.06137233,-0.074255473,-0.080123976
84.77992,-7.83E-02,-0.0732782,-0.06136058,-0.074207848,-0.080165483
84.89992,-7.83E-02,-0.0733215,-0.06136983,-0.074229173,-0.080184293
85.01991,-7.83E-02,-0.07330255,-0.06137618,-0.074215823,-0.080198661
85.13991,-7.83E-02,-0.073313025,-0.061389205,-0.074217448,-0.080129456
85.25991,-7.84E-02,-0.073293525,-0.061383955,-0.074204273,-0.080138766
85.37991,-7.83E-02,-0.073287425,-0.06134553,-0.074254773,-0.080157511
85.49991,-7.83E-02,-0.07328275,-0.06136833,-0.074189998,-0.080204741
85.61991,-7.83E-02,-0.0733,-0.061357305,-0.074244373,-0.080195458
85.73991,-7.83E-02,-0.073309525,-0.061381155,-0.074213948,-0.080147816
85.85991,-7.84E-02,-0.07332555,-0.061364805,-0.074306298,-0.080127323
85.97991,-7.83E-02,-0.0732535,-0.061356205,-0.074319198,-0.080156313
86.09991,-7.83E-02,-0.07326165,-0.061356355,-0.074253073,-0.080170966
86.21991,-7.83E-02,-0.07329505,-0.061433805,-0.074305398,-0.080189013
86.33991,-7.83E-02,-0.0732971,-0.06144953,-0.074246748,-0.080165523
86.45991,-7.83E-02,-0.0733034,-0.061410205,-0.074242598,-0.080121273
86.57991,-7.84E-02,-0.07327965,-0.06142328,-0.074232098,-0.080137853
86.69991,-7.83E-02,-0.073295525,-0.061368205,-0.074234548,-0.080144696
86.81991,-7.83E-02,-0.073327,-0.061373505,-0.074264648,-0.080238493
86.93991,-7.83E-02,-0.073364425,-0.061381155,-0.074237748,-0.080192983
87.05991,-7.84E-02,-0.0733038,-0.06138463,-0.074192073,-0.080128991
87.17991,-7.84E-02,-0.073297975,-0.061351355,-0.074268123,-0.080131566
87.29991,-7.83E-02,-0.073315725,-0.061362505,-0.074324448,-0.080139036
87.41991,-7.83E-02,-0.073342825,-0.06139153,-0.074244173,-0.080180386
87.53991,-7.83E-02,-0.073341275,-0.061359455,-0.074232448,-0.080221548
87.65991,-7.84E-02,-0.073332775,-0.06135743,-0.074229448,-0.080165668
87.77991,-7.84E-02,-0.073275775,-0.06136448,-0.074218948,-0.080121461
87.89991,-7.84E-02,-0.0732895,-0.06138683,-0.074246773,-0.080142056
88.01991,-7.84E-02,-0.0732898,-0.06135228,-0.074261873,-0.080162751
88.13991,-7.84E-02,-0.07330745,-0.06135333,-0.074241498,-0.080175748
88.25991,-7.84E-02,-0.07328625,-0.06135898,-0.074218273,-0.080179708
88.37991,-7.84E-02,-0.073271275,-0.06135148,-0.074212673,-0.080143413
88.49991,-7.84E-02,-0.0732886,-0.06137933,-0.074211023,-0.080124571
88.61991,-7.84E-02,-0.073300325,-0.061352255,-0.074195448,-0.080173191
88.73991,-7.84E-02,-0.073297825,-0.061368005,-0.074150398,-0.080184383
88.85991,-7.84E-02,-0.073312575,-0.06137728,-0.074178473,-0.080206421
88.97991,-7.84E-02,-0.07328965,-0.06137908,-0.074201673,-0.080207313
89.09991,-7.84E-02,-0.07326825,-0.06137523,-0.074225923,-0.080160053
89.21991,-7.84E-02,-0.073291325,-0.061340205,-0.074212023,-0.080130406
89.33991,-7.83E-02,-0.0732838,-0.06138728,-0.074182598,-0.080171588
89.45991,-7.84E-02,-0.07331545,-0.061364505,-0.074203348,-0.080194768
89.57991,-7.84E-02,-0.07330755,-0.061361005,-0.074186873,-0.080210691
89.69991,-7.84E-02,-0.07326855,-0.061347705,-0.074226448,-0.080160981
89.81991,-7.84E-02,-0.073283725,-0.061362205,-0.074261023,-0.080155361
89.93991,-7.83E-02,-0.0732806,-0.06135058,-0.074238773,-0.080144778
90.05991,-7.83E-02,-0.073305725,-0.061356755,-0.074270398,-0.080238608
90.17991,-7.84E-02,-0.0733116,-0.061409605,-0.074246773,-0.080209656
90.29991,-7.84E-02,-0.073281375,-0.061386805,-0.074235148,-0.080176886
90.41991,-7.84E-02,-0.0732837,-0.06136668,-0.074297173,-0.080147186
90.53991,-7.84E-02,-0.073314525,-0.06136943,-0.074275598,-0.080151496
90.65991,-7.84E-02,-0.07331745,-0.061382305,-0.074278498,-0.080152243
90.77991,-7.84E-02,-0.07330835,-0.06140313,-0.074261523,-0.080186726
90.89991,-7.84E-02,-0.07335515,-0.061382705,-0.074290323,-0.080152768
91.01991,-7.84E-02,-0.0732922,-0.061403205,-0.074327873,-0.080161553
91.13991,-7.84E-02,-0.0733091,-0.061380905,-0.074285048,-0.080120046
91.25991,-7.84E-02,-0.073300025,-0.06138153,-0.074277373,-0.080134171
91.37991,-7.84E-02,-0.073334525,-0.06136523,-0.074256573,-0.080187866
91.49991,-7.84E-02,-0.0732925,-0.061386755,-0.074269023,-0.080190346
91.61991,-7.84E-02,-0.07325585,-0.061397305,-0.074259423,-0.080138306
91.73991,-7.84E-02,-0.07328505,-0.061387955,-0.074319148,-0.080114111
91.85991,-7.84E-02,-0.073264525,-0.061380855,-0.074322323,-0.080131406
91.97991,-7.84E-02,-0.073321275,-0.06137523,-0.074234873,-0.080163286
92.09991,-7.84E-02,-0.0732813,-0.061362955,-0.074240598,-0.080173026
92.21991,-7.84E-02,-0.073282125,-0.06135928,-0.074242373,-0.080215611
92.33991,-7.84E-02,-0.073293475,-0.061409255,-0.074303548,-0.080203743
92.45991,-7.84E-02,-0.073327525,-0.061424555,-0.074270923,-0.080163033
92.57991,-7.84E-02,-0.073360525,-0.061391555,-0.074219248,-0.080192976
92.69991,-7.84E-02,-0.0733053,-0.061399755,-0.074220573,-0.080220683
92.81991,-7.85E-02,-0.073300275,-0.06135738,-0.074230998,-0.080222361
92.93991,-7.85E-02,-0.073292475,-0.061402305,-0.074232623,-0.080199731
93.05991,-7.84E-02,-0.0733254,-0.06137433,-0.074226573,-0.080176738
93.17991,-7.84E-02,-0.073327125,-0.06139373,-0.074235998,-0.080202521
93.29991,-7.84E-02,-0.0732955,-0.061383155,-0.074204548,-0.080238676
93.41991,-7.84E-02,-0.0732867,-0.061374955,-0.074207998,-0.080202041
93.53991,-7.84E-02,-0.07328625,-0.061408805,-0.074210273,-0.080220176
93.65991,-7.84E-02,-0.073312575,-0.061412755,-0.074212148,-0.080180511
93.77991,-7.85E-02,-0.07329235,-0.06139673,-0.074216023,-0.080124678
93.89991,-7.84E-02,-0.073290825,-0.061374505,-0.074211223,-0.080152173
94.01991,-7.85E-02,-0.0732757,-0.061360955,-0.074220148,-0.080223803
94.13991,-7.85E-02,-0.07328215,-0.06138583,-0.074224098,-0.080245338
94.25991,-7.84E-02,-0.0732941,-0.061414505,-0.074237198,-0.080188773
94.37991,-7.84E-02,-0.073319,-0.061457555,-0.074285598,-0.080169231
94.49991,-7.84E-02,-0.0732962,-0.061387805,-0.074253748,-0.080179388
94.61991,-7.84E-02,-0.073271875,-0.06137058,-0.074217773,-0.080176878
94.73991,-7.84E-02,-0.073250625,-0.061402455,-0.074211823,-0.080196416
94.85991,-7.84E-02,-0.073254475,-0.06142178,-0.074267123,-0.080186361
94.9799,-7.84E-02,-0.073281025,-0.06142048,-0.074295523,-0.080179571
95.0999,-7.84E-02,-0.073285925,-0.06138503,-0.074294673,-0.080196053
95.2199,-7.84E-02,-0.073289325,-0.06137488,-0.074326948,-0.080179403
95.3399,-7.84E-02,-0.073295275,-0.061412705,-0.074209123,-0.080197918
95.4599,-7.84E-02,-0.073363675,-0.061404605,-0.074221423,-0.080182453
95.5799,-7.84E-02,-0.073495925,-0.061461755,-0.074224223,-0.080199416
95.6999,-7.84E-02,-0.073472875,-0.061442405,-0.074263148,-0.080159913
95.8199,-7.84E-02,-0.07342765,-0.06142033,-0.074269673,-0.080180033
95.9399,-7.84E-02,-0.0733931,-0.061415355,-0.074234773,-0.080212908
96.0599,-7.85E-02,-0.0733619,-0.06142808,-0.074275423,-0.080225596
96.1799,-7.84E-02,-0.073335475,-0.06142988,-0.074246473,-0.080197586
96.2999,-7.84E-02,-0.073370725,-0.061449055,-0.074279523,-0.080162148
96.4199,-7.84E-02,-0.073353525,-0.061408055,-0.074296748,-0.080217826
96.5399,-7.84E-02,-0.0733392,-0.06138158,-0.074315948,-0.080223436
96.6599,-7.84E-02,-0.07330695,-0.06138138,-0.074384498,-0.080206581
96.7799,-7.85E-02,-0.073328425,-0.06140373,-0.074334823,-0.080202958
96.8999,-7.85E-02,-0.0733782,-0.061423855,-0.074294248,-0.080174926
97.0199,-7.84E-02,-0.07335455,-0.061427255,-0.074294698,-0.080183291
97.1399,-7.84E-02,-0.073347325,-0.06140608,-0.074304273,-0.080196338
97.2599,-7.84E-02,-0.073339925,-0.06139108,-0.074248748,-0.080194788
97.3799,-7.85E-02,-0.073262275,-0.061404355,-0.074279098,-0.080221576
97.4999,-7.85E-02,-0.073276225,-0.06143928,-0.074336073,-0.080196326
97.6199,-7.84E-02,-0.073353725,-0.06141168,-0.074369898,-0.080179318
97.7399,-7.84E-02,-0.0732518,-0.06139028,-0.074337573,-0.080184066
97.8599,-7.84E-02,-0.073249825,-0.06136908,-0.074313448,-0.080218161
97.9799,-7.84E-02,-0.073359675,-0.061384705,-0.074301748,-0.080202838
98.0999,-7.85E-02,-0.0734142,-0.061426455,-0.074299598,-0.080214253
98.2199,-7.85E-02,-0.073562475,-0.06143263,-0.074285273,-0.080177471
98.3399,-7.84E-02,-0.073396525,-0.061412805,-0.074303373,-0.080183626
98.4599,-7.84E-02,-0.073435875,-0.06139673,-0.074237048,-0.080212711
98.5799,-7.84E-02,-0.07338545,-0.06139678,-0.074223098,-0.080244438
98.6999,-7.84E-02,-0.073333275,-0.06142628,-0.074223773,-0.080234528
98.8199,-7.85E-02,-0.0733772,-0.061459355,-0.074239598,-0.080210861
98.9399,-7.85E-02,-0.073414875,-0.061433655,-0.074262548,-0.080200926
99.0599,-7.84E-02,-0.073442475,-0.06140113,-0.074243573,-0.080203123
99.1799,-7.85E-02,-0.07342505,-0.06144803,-0.074303873,-0.080233461
99.2999,-7.84E-02,-0.073397475,-0.061435905,-0.074437398,-0.080242873
99.4199,-7.84E-02,-0.073397125,-0.06143663,-0.074396098,-0.080233118
99.5399,-7.85E-02,-0.07340255,-0.06143553,-0.074329073,-0.080234308
99.6599,-7.85E-02,-0.073353275,-0.06146838,-0.074329198,-0.080213093
99.7799,-7.85E-02,-0.0732869,-0.06140913,-0.074455648,-0.080247096
99.8999,-7.85E-02,-0.0732261,-0.061416005,-0.074463848,-0.080262573
100.0199,-7.85E-02,-0.07332145,-0.06144183,-0.074394123,-0.080271248
100.1399,-7.85E-02,-0.07331005,-0.06147243,-0.074388473,-0.080263466
100.2599,-7.85E-02,-0.073426075,-0.061452855,-0.074351623,-0.080242336
100.3799,-7.84E-02,-0.073388775,-0.06146808,-0.074368548,-0.080225111
100.4999,-7.84E-02,-0.073294475,-0.06145023,-0.074343973,-0.080284718
100.6199,-7.84E-02,-0.073302775,-0.061472055,-0.074399223,-0.080334948
100.7399,-7.85E-02,-0.073266075,-0.06146553,-0.074326373,-0.080293958
100.8599,-7.85E-02,-0.073262975,-0.061499355,-0.074347023,-0.080281868
100.9799,-7.85E-02,-0.073268175,-0.061463855,-0.074347198,-0.080282778
101.0999,-7.85E-02,-0.0732376,-0.061444055,-0.074353948,-0.080339118
101.2199,-7.84E-02,-0.0732477,-0.061464755,-0.074320848,-0.080329241
101.3399,-7.85E-02,-0.073272725,-0.061464505,-0.074325773,-0.080326853
101.4599,-7.85E-02,-0.0732778,-0.06146548,-0.074367998,-0.080330666
101.5799,-7.85E-02,-0.073265475,-0.061434055,-0.074334298,-0.080322513
101.6999,-7.85E-02,-0.073281025,-0.061393355,-0.074347373,-0.080308011
101.8199,-7.85E-02,-0.073250625,-0.06142173,-0.074370898,-0.080344271
101.9399,-7.85E-02,-0.0732391,-0.061451055,-0.074404598,-0.080372706
102.0599,-7.85E-02,-0.07325605,-0.061457505,-0.074315748,-0.080360518
102.1799,-7.85E-02,-0.0732701,-0.061429805,-0.074384323,-0.080367728
102.2999,-7.85E-02,-0.07327735,-0.06141668,-0.074346998,-0.080372328
102.4199,-7.85E-02,-0.073236775,-0.06142888,-0.074365923,-0.080387516
102.5399,-7.85E-02,-0.07326465,-0.06144253,-0.074340148,-0.080401763
102.6599,-7.85E-02,-0.073314125,-0.061437705,-0.074351173,-0.080381588
102.7799,-7.85E-02,-0.0732944,-0.061441005,-0.074315073,-0.080379581
102.8999,-7.84E-02,-0.07330705,-0.06141858,-0.074336298,-0.080393981
103.0199,-7.84E-02,-0.073300475,-0.061407855,-0.074360973,-0.080402491
103.1399,-7.84E-02,-0.073288525,-0.061504205,-0.074314998,-0.080406906
103.2599,-7.85E-02,-0.07336925,-0.06148153,-0.074338173,-0.080411728
103.3799,-7.85E-02,-0.073344425,-0.061460805,-0.074425573,-0.080446171
103.4999,-7.85E-02,-0.073306725,-0.06143023,-0.074445623,-0.080431816
103.6199,-7.86E-02,-0.07328695,-0.061409555,-0.074386173,-0.080414563
103.7399,-7.85E-02,-0.073291225,-0.06143143,-0.074356248,-0.080458901
103.8599,-7.85E-02,-0.073318775,-0.06144863,-0.074343298,-0.080444041
103.9799,-7.85E-02,-0.07334155,-0.061456455,-0.074342973,-0.080457841
104.0999,-7.85E-02,-0.07332265,-0.06145648,-0.074353748,-0.080476238
104.2199,-7.85E-02,-0.0733108,-0.061457205,-0.074357023,-0.080490936
104.3399,-7.85E-02,-0.073283625,-0.061456005,-0.074420473,-0.080469233
104.4599,-7.85E-02,-0.073271325,-0.061486755,-0.074371198,-0.080493543
104.5799,-7.85E-02,-0.0733096,-0.061481155,-0.074348448,-0.080497973
104.6999,-7.85E-02,-0.073334925,-0.06147213,-0.074368473,-0.080473298
104.8199,-7.85E-02,-0.073240075,-0.061444105,-0.074354823,-0.080470531
104.9399,-7.84E-02,-0.073243025,-0.061442455,-0.074411373,-0.080488231
105.0599,-7.85E-02,-0.0733015,-0.061448905,-0.074389523,-0.080493451
105.1799,-7.85E-02,-0.0733055,-0.061490405,-0.074347348,-0.080557276
105.2999,-7.85E-02,-0.073284175,-0.06148668,-0.074370148,-0.080613523
105.4199,-7.85E-02,-0.073248575,-0.06144843,-0.074320123,-0.080555336
105.5399,-7.85E-02,-0.0732154,-0.061426755,-0.074314698,-0.080553636
105.6599,-7.85E-02,-0.0732652,-0.061451705,-0.074325948,-0.080560488
105.7799,-7.85E-02,-0.073343475,-0.061471605,-0.074287748,-0.080572983
105.8999,-7.85E-02,-0.073301925,-0.061457505,-0.074270423,-0.080567061
106.0199,-7.85E-02,-0.073259,-0.06143043,-0.074310323,-0.080611313
106.1399,-7.85E-02,-0.073248125,-0.061436455,-0.074327673,-0.080627421
106.2599,-7.85E-02,-0.0731999,-0.06144688,-0.074308273,-0.080608613
106.3799,-7.85E-02,-0.073227275,-0.061477255,-0.074326198,-0.080605396
106.4999,-7.85E-02,-0.0732676,-0.06148683,-0.074293723,-0.080635828
106.6199,-7.85E-02,-0.073229225,-0.06145498,-0.074297973,-0.080656131
106.7399,-7.85E-02,-0.073216075,-0.06143883,-0.074299748,-0.080644618
106.8599,-7.85E-02,-0.07322,-0.061424605,-0.074305773,-0.080627761
106.9799,-7.85E-02,-0.0732643,-0.061458355,-0.074261273,-0.080636798
107.0999,-7.85E-02,-0.073308225,-0.06146913,-0.074264498,-0.080702046
107.2199,-7.85E-02,-0.07331515,-0.061438655,-0.074288423,-0.080697561
107.3399,-7.85E-02,-0.07324405,-0.061431205,-0.074318073,-0.080668978
107.4599,-7.85E-02,-0.0732308,-0.06140668,-0.074313148,-0.080668673
107.5799,-7.84E-02,-0.07326425,-0.061458805,-0.074364823,-0.080687301
107.6999,-7.85E-02,-0.073235925,-0.06147918,-0.074334623,-0.080708933
107.8199,-7.85E-02,-0.0733007,-0.06144783,-0.074300998,-0.080717138
107.9399,-7.85E-02,-0.073206175,-0.06143688,-0.074260498,-0.080736028
108.0599,-7.85E-02,-0.073213375,-0.061429105,-0.074316723,-0.080720818
108.1799,-7.85E-02,-0.073206225,-0.061444905,-0.074312473,-0.080732858
108.2999,-7.85E-02,-0.073212025,-0.06143568,-0.074292373,-0.080715891
108.4199,-7.86E-02,-0.07324405,-0.06144538,-0.074305973,-0.080740606
108.5399,-7.87E-02,-0.073250025,-0.06143273,-0.074303048,-0.080753831
108.6599,-7.86E-02,-0.073235825,-0.061397805,-0.074293223,-0.080730371
108.7799,-7.85E-02,-0.07321585,-0.06141668,-0.074334223,-0.080726688
108.8999,-7.85E-02,-0.07323,-0.061443355,-0.074301848,-0.080774258
109.0199,-7.85E-02,-0.073257975,-0.061453555,-0.074288023,-0.080732436
109.1399,-7.85E-02,-0.07326795,-0.061443605,-0.074336373,-0.080750313
109.2599,-7.86E-02,-0.073272125,-0.061420105,-0.074329373,-0.080740683
109.3799,-7.86E-02,-0.073211,-0.06144273,-0.074356548,-0.080740678
109.4999,-7.85E-02,-0.0732762,-0.061426755,-0.074313423,-0.080751038
109.6199,-7.85E-02,-0.073264975,-0.061451055,-0.074288773,-0.080767271
109.7399,-7.85E-02,-0.0733254,-0.061443005,-0.074336498,-0.080787223
109.8599,-7.86E-02,-0.07325615,-0.061412205,-0.074295823,-0.080768533
109.9799,-7.85E-02,-0.073181925,-0.06142103,-0.074332848,-0.080795836
110.0999,-7.85E-02,-0.073223525,-0.06143113,-0.074337498,-0.080786183
110.2199,-7.85E-02,-0.073242425,-0.06143053,-0.074320273,-0.080794306
110.3399,-7.87E-02,-0.07325225,-0.06144778,-0.074297448,-0.080832258
110.4599,-7.87E-02,-0.0732395,-0.061432805,-0.074256173,-0.080775873
110.5799,-7.87E-02,-0.073269525,-0.06142878,-0.074305173,-0.080797143
110.6999,-7.87E-02,-0.0732406,-0.06146468,-0.074311823,-0.080792068
110.8199,-7.87E-02,-0.073254825,-0.061443605,-0.074351573,-0.080822258
110.9399,-7.87E-02,-0.073260425,-0.061439255,-0.074322498,-0.080800006
111.0599,-7.87E-02,-0.073271825,-0.061456855,-0.074285148,-0.080807028
111.1799,-7.87E-02,-0.073280425,-0.061466055,-0.074307673,-0.080830776
111.2999,-7.86E-02,-0.0732476,-0.061447705,-0.074326823,-0.080852941
111.4199,-7.86E-02,-0.073209175,-0.061445255,-0.074340073,-0.080841891
111.5399,-7.86E-02,-0.07324455,-0.061468255,-0.074324473,-0.080822501
111.6599,-7.85E-02,-0.0732488,-0.061476105,-0.074320048,-0.080814988
111.7799,-7.85E-02,-0.073251625,-0.061420205,-0.074295048,-0.080809863
111.8999,-7.85E-02,-0.0732675,-0.061400955,-0.074305623,-0.080814978
112.0199,-7.85E-02,-0.07328165,-0.06141328,-0.074308973,-0.080813286
112.1399,-7.85E-02,-0.073403925,-0.06146758,-0.074292473,-0.080867241
112.2599,-7.85E-02,-0.073415525,-0.06145263,-0.074314173,-0.080831181
112.3799,-7.85E-02,-0.073432075,-0.061439555,-0.074312223,-0.080836948
112.4999,-7.85E-02,-0.0732669,-0.06142893,-0.074302748,-0.080835683
112.6199,-7.85E-02,-0.07322615,-0.061431255,-0.074326123,-0.080820611
112.7399,-7.85E-02,-0.07325875,-0.06146998,-0.074326098,-0.080834968
112.8599,-7.85E-02,-0.073310675,-0.061448105,-0.074311148,-0.080869438
112.9799,-7.85E-02,-0.073320425,-0.06142803,-0.074325598,-0.081026401
113.0999,-7.85E-02,-0.073313325,-0.061426505,-0.074315973,-0.081112153
113.2199,-7.85E-02,-0.073252425,-0.06144953,-0.074343923,-0.081126898
113.3399,-7.85E-02,-0.073268325,-0.06143943,-0.074357398,-0.081060668
113.4599,-7.85E-02,-0.073257275,-0.06146938,-0.074358623,-0.080955941
113.5799,-7.85E-02,-0.07330775,-0.06145133,-0.074312148,-0.080925456
113.6999,-7.85E-02,-0.073276175,-0.06145548,-0.074312823,-0.080885691
113.8199,-7.85E-02,-0.073242975,-0.06142883,-0.074320998,-0.080896323
113.9399,-7.85E-02,-0.0732312,-0.06143978,-0.074352573,-0.080852813
114.0599,-7.85E-02,-0.07326205,-0.06146113,-0.074355898,-0.080842293
114.1799,-7.85E-02,-0.0732768,-0.061442855,-0.074334498,-0.080841423
114.2999,-7.86E-02,-0.07324605,-0.061441505,-0.074335923,-0.080847821
114.4199,-7.85E-02,-0.07323175,-0.061446005,-0.074305523,-0.080841281
114.5399,-7.85E-02,-0.073223725,-0.061442205,-0.074421898,-0.080859498
114.6599,-7.85E-02,-0.07327645,-0.061436105,-0.074489823,-0.080854118
114.7799,-7.85E-02,-0.07326885,-0.061460205,-0.074435073,-0.080897453
114.8999,-7.85E-02,-0.073274,-0.06142598,-0.074386623,-0.080972183
115.0199,-7.85E-02,-0.0732454,-0.06140003,-0.074347623,-0.080954863
115.1399,-7.85E-02,-0.0732476,-0.061390705,-0.074339673,-0.080849773
115.2599,-7.86E-02,-0.073288975,-0.061417405,-0.074345673,-0.080905671
115.3799,-7.86E-02,-0.07327545,-0.06142998,-0.074351798,-0.081046621
115.4999,-7.86E-02,-0.073305275,-0.061444855,-0.074354673,-0.081159843
115.6199,-7.86E-02,-0.073294,-0.061415305,-0.074343898,-0.081139776
115.7399,-7.85E-02,-0.073263225,-0.061412705,-0.074404898,-0.081013431
115.8599,-7.85E-02,-0.07325775,-0.061408405,-0.074362098,-0.080985651
115.9799,-7.85E-02,-0.07330615,-0.06145103,-0.074338548,-0.080920368
116.0999,-7.85E-02,-0.073331225,-0.061444005,-0.074353348,-0.080956346
116.2199,-7.86E-02,-0.07329065,-0.06144413,-0.074348448,-0.080960513
116.3399,-7.85E-02,-0.073264575,-0.061432955,-0.074357973,-0.080871116
116.4599,-7.85E-02,-0.0732599,-0.061422905,-0.074362423,-0.080806431
116.5799,-7.85E-02,-0.073246025,-0.061469605,-0.074367298,-0.080824846
116.6999,-7.85E-02,-0.073312225,-0.06146418,-0.074392173,-0.080840718
116.8199,-7.85E-02,-0.07328055,-0.061453755,-0.074382298,-0.080856786
116.9399,-7.85E-02,-0.07328115,-0.06143318,-0.074342023,-0.080890291
117.0599,-7.85E-02,-0.073250275,-0.06143768,-0.074321923,-0.080822586
117.1799,-7.85E-02,-0.073261175,-0.061487255,-0.074336998,-0.080839381
117.2999,-7.86E-02,-0.073276375,-0.06147713,-0.074369823,-0.080846961
117.4199,-7.86E-02,-0.07327835,-0.061490155,-0.074347923,-0.080818583
117.5399,-7.86E-02,-0.07330195,-0.06142458,-0.074359923,-0.080794573
117.6599,-7.85E-02,-0.073319325,-0.06143948,-0.074363273,-0.080813936
117.7799,-7.85E-02,-0.073303275,-0.061463405,-0.074355623,-0.080797396
117.8999,-7.85E-02,-0.07329635,-0.06147293,-0.074363073,-0.080823181
118.0199,-7.86E-02,-0.07324805,-0.06148678,-0.074350148,-0.080805708
118.1399,-7.85E-02,-0.073246225,-0.06145923,-0.074347448,-0.080813453
118.2599,-7.85E-02,-0.07325375,-0.06149568,-0.074330823,-0.080797728
118.3799,-7.85E-02,-0.073292075,-0.061520205,-0.074357498,-0.080794313
118.4999,-7.85E-02,-0.073339275,-0.061463755,-0.074351273,-0.080795658
118.6199,-7.85E-02,-0.073358925,-0.061483105,-0.074345523,-0.080782686
118.7399,-7.85E-02,-0.073351475,-0.06148263,-0.074363748,-0.080804788
118.8599,-7.86E-02,-0.07330555,-0.061448705,-0.074364323,-0.080774218
118.9799,-7.85E-02,-0.07324005,-0.061450905,-0.074354173,-0.080765556
119.0999,-7.85E-02,-0.07324435,-0.061449955,-0.074354273,-0.080780283
119.2199,-7.85E-02,-0.073261125,-0.06143348,-0.074391373,-0.080822876
119.3399,-7.85E-02,-0.07331855,-0.06145158,-0.074396848,-0.080790418
119.4599,-7.86E-02,-0.07328235,-0.061442005,-0.074399023,-0.080766481
119.5799,-7.85E-02,-0.07328925,-0.06144138,-0.074409823,-0.080770633
119.6999,-7.86E-02,-0.0733316,-0.061431805,-0.074384273,-0.080763281
119.8199,-7.87E-02,-0.073448,-0.061432355,-0.074413198,-0.080773846
119.9399,-7.87E-02,-0.073480225,-0.061439755,-0.074381498,-0.080786501