Time,rep1,rep2,rep3,rep4,rep5
0.06000098,0,0,0,0,0
0.1800009,-0.00501848,-0.00773716,-0.00640426,0.00350802,-0.00650426
0.3000007,-0.01363432,-0.01479086,-0.01151084,0.00227944,-0.01240095
0.4200006,-0.02134851,-0.02099111,-0.01671737,0.00029163,-0.01723848
0.5400005,-0.02781094,-0.02677166,-0.0219826,-0.0046193,-0.02163319
0.6600004,-0.03250045,-0.03164658,-0.0270504,-0.00913565,-0.02573448
0.7800002,-0.03736426,-0.03613153,-0.0326606,-0.0131312,-0.02927702
0.9000001,-0.04200101,-0.04024777,-0.03703655,-0.01719487,-0.03256846
1.02,-0.04538787,-0.04390696,-0.04042379,-0.02205282,-0.03555501
1.14,-0.04780231,-0.04718067,-0.04354423,-0.02649874,-0.03838404
1.26,-0.0508257,-0.05009072,-0.04641075,-0.02973269,-0.04098685
1.38,-0.05338615,-0.05272204,-0.04901467,-0.03272174,-0.04342194
1.5,-0.05551324,-0.05510185,-0.05143048,-0.03504297,-0.04564818
1.619999,-0.05687458,-0.05722056,-0.05361667,-0.03698252,-0.04760948
1.739999,-0.05867237,-0.05903721,-0.05559942,-0.03882757,-0.04943738
1.859999,-0.06074699,-0.06080167,-0.05730692,-0.04109528,-0.05114098
1.979999,-0.06282362,-0.0624214,-0.05896971,-0.04375326,-0.05276468
2.099999,-0.06484588,-0.06391007,-0.0604523,-0.04652486,-0.05417648
2.219999,-0.06662479,-0.06518794,-0.0618992,-0.04919856,-0.05553388
2.339999,-0.06837481,-0.06632925,-0.0629448,-0.05167636,-0.05669258
2.459999,-0.06984605,-0.06728872,-0.0639789,-0.05390426,-0.05780428
2.579998,-0.07116113,-0.06813784,-0.064904,-0.05586786,-0.05898798
2.699998,-0.07228333,-0.06894403,-0.0658046,-0.05753586,-0.05991798
2.819998,-0.07320257,-0.06962934,-0.0666658,-0.05892116,-0.06076618
2.939998,-0.07395689,-0.07024669,-0.0673482,-0.06003266,-0.06148628
3.059998,-0.07465755,-0.07071664,-0.067948,-0.06090496,-0.06219368
3.179998,-0.07521105,-0.07115004,-0.0684705,-0.06175476,-0.06281778
3.299998,-0.07567456,-0.07158884,-0.0689339,-0.06245036,-0.06348608
3.419998,-0.07604682,-0.07196864,-0.0695062,-0.06303686,-0.06400288
3.539997,-0.07635532,-0.07230774,-0.069905,-0.06357636,-0.06448898
3.659997,-0.07668232,-0.07254544,-0.0702595,-0.06387856,-0.06490248
3.779997,-0.07701362,-0.07276874,-0.0705729,-0.06432856,-0.06529308
3.899997,-0.07719612,-0.07300904,-0.0708493,-0.06464256,-0.06571458
4.019997,-0.07735222,-0.07325344,-0.0711803,-0.06501876,-0.06609468
4.139997,-0.07751922,-0.07342284,-0.0714362,-0.06530776,-0.06643008
4.259997,-0.07765232,-0.07355844,-0.0716544,-0.06554906,-0.06667908
4.379997,-0.07787712,-0.07363644,-0.0717846,-0.06584596,-0.06695798
4.499996,-0.07794952,-0.07378454,-0.0719568,-0.06609676,-0.06723018
4.619996,-0.07801172,-0.07388014,-0.0721339,-0.06630036,-0.06751568
4.739996,-0.07809292,-0.07402304,-0.0722967,-0.06649936,-0.06773588
4.859996,-0.07819092,-0.07410184,-0.0723957,-0.06664486,-0.06790348
4.979996,-0.07808122,-0.07404424,-0.0724888,-0.06686006,-0.06807928
5.099996,-0.07801122,-0.07410194,-0.0725963,-0.06703846,-0.06826108
5.219996,-0.07805032,-0.07415064,-0.072674,-0.06719826,-0.06845708
5.339996,-0.07804522,-0.07427744,-0.0727933,-0.06736526,-0.06858458
5.459996,-0.07814042,-0.07432664,-0.0729383,-0.06739276,-0.06871498
5.579995,-0.07818162,-0.07446594,-0.0729667,-0.06753246,-0.06876158
5.699995,-0.07829912,-0.07436954,-0.0729753,-0.06766326,-0.06890268
5.819995,-0.07829042,-0.07444114,-0.0730388,-0.06777446,-0.06911338
5.939995,-0.07831802,-0.07445944,-0.0731379,-0.06796736,-0.06917438
6.059995,-0.07826022,-0.07453544,-0.0731475,-0.06792526,-0.06924158
6.179995,-0.07828482,-0.07457664,-0.0731852,-0.06800096,-0.06928568
6.299995,-0.07834792,-0.07449314,-0.0731598,-0.06806696,-0.06933628
6.419995,-0.07836922,-0.07451704,-0.0731882,-0.06819886,-0.06947958
6.539994,-0.07832102,-0.07456934,-0.073239,-0.06827356,-0.06954758
6.659994,-0.07832422,-0.07462214,-0.0733225,-0.06832236,-0.06955518
6.779994,-0.07840832,-0.07461724,-0.0733645,-0.06838946,-0.06963668
6.899994,-0.07853862,-0.07460634,-0.07334,-0.06845156,-0.06963108
7.019994,-0.07844212,-0.07464154,-0.0733211,-0.06854506,-0.06967588
7.139994,-0.07837652,-0.07463884,-0.0733122,-0.06860286,-0.06978938
7.259994,-0.07837212,-0.07467134,-0.0734608,-0.06862006,-0.06983698
7.379994,-0.07840732,-0.07470664,-0.0735425,-0.06868736,-0.06984688
7.499993,-0.07855532,-0.07475694,-0.0734618,-0.06871336,-0.06986018
7.619993,-0.07858122,-0.07470894,-0.0733782,-0.06875896,-0.06993128
7.739993,-0.07855302,-0.07471754,-0.0733892,-0.06880116,-0.06993778
7.859993,-0.07850262,-0.07469984,-0.0734309,-0.06879046,-0.07002268
7.979993,-0.07845792,-0.07476784,-0.0734977,-0.06877656,-0.07004628
8.099993,-0.07849022,-0.07474894,-0.0735239,-0.06880206,-0.07009628
8.219993,-0.07858632,-0.07475014,-0.0735006,-0.06889036,-0.07006518
8.339993,-0.07851512,-0.07473984,-0.0734636,-0.06892606,-0.07005798
8.459992,-0.07849332,-0.07475404,-0.0734395,-0.06898696,-0.07013328
8.579992,-0.07854612,-0.07477104,-0.0734974,-0.06898476,-0.07016678
8.699992,-0.07853582,-0.07475794,-0.0735004,-0.06891076,-0.07017918
8.819992,-0.07865372,-0.07476444,-0.0735252,-0.06892066,-0.07018058
8.939992,-0.07861012,-0.07471354,-0.0734496,-0.06901676,-0.07017908
9.059992,-0.07858312,-0.07470924,-0.073467,-0.06904666,-0.07018858
9.179992,-0.07854432,-0.07480154,-0.0734857,-0.06899306,-0.07021918
9.299992,-0.07860332,-0.07481814,-0.0735733,-0.06910916,-0.07024898
9.419992,-0.07859852,-0.07477624,-0.0735204,-0.06923066,-0.07020168
9.539991,-0.07858192,-0.07472524,-0.0734091,-0.06935386,-0.07028018
9.659991,-0.07860782,-0.07472134,-0.0733622,-0.06936406,-0.07025728
9.779991,-0.07853102,-0.07476874,-0.0733784,-0.06937736,-0.07032838
9.899991,-0.07850802,-0.07479364,-0.073446,-0.06925876,-0.07033678
10.01999,-0.07857872,-0.07481524,-0.0734603,-0.06908876,-0.07032708
10.13999,-0.07860252,-0.07480264,-0.0734209,-0.06913816,-0.07034178
10.25999,-0.07856502,-0.07477514,-0.0733983,-0.06914876,-0.07035658
10.37999,-0.07856462,-0.07480654,-0.073347,-0.06917656,-0.07036098
10.49999,-0.07850622,-0.07483524,-0.0733898,-0.06910096,-0.07036488
10.61999,-0.07847972,-0.07491484,-0.0734671,-0.06914216,-0.07038378
10.73999,-0.07855742,-0.07487854,-0.0733015,-0.06916946,-0.07037328
10.85999,-0.07856032,-0.07481374,-0.0731893,-0.06921406,-0.07052028
10.97999,-0.07851062,-0.07483334,-0.073164,-0.06917206,-0.07049228
11.09999,-0.07852392,-0.07487534,-0.0732102,-0.06917976,-0.07041908
11.21999,-0.07852022,-0.07495324,-0.0732704,-0.06913966,-0.07049388
11.33999,-0.07856642,-0.07491004,-0.0732953,-0.06932426,-0.07038918
11.45999,-0.07860182,-0.07486834,-0.0732432,-0.06947116,-0.07042268
11.57999,-0.07848692,-0.07485004,-0.073168,-0.06922476,-0.07044508
11.69999,-0.07844522,-0.07487784,-0.0732267,-0.06921006,-0.07051168
11.81999,-0.07846802,-0.07493584,-0.073245,-0.06914046,-0.07053628
11.93999,-0.07859142,-0.07493874,-0.0732465,-0.06918346,-0.07051878
12.05999,-0.07858482,-0.07490514,-0.0732389,-0.06924336,-0.07048028
12.17999,-0.07853312,-0.07488224,-0.0731619,-0.06920686,-0.07047528
12.29999,-0.07846412,-0.07490044,-0.0730169,-0.06922846,-0.07051258
12.41999,-0.07849712,-0.07494164,-0.0731893,-0.06916496,-0.07055048
12.53999,-0.07856472,-0.07496674,-0.0730664,-0.06917926,-0.07055538
12.65999,-0.07853132,-0.07490874,-0.0730373,-0.06919226,-0.07048678
12.77999,-0.07852772,-0.07488184,-0.0729526,-0.06938936,-0.07049488
12.89999,-0.07846422,-0.07490764,-0.0730322,-0.06922106,-0.07052838
13.01999,-0.07848522,-0.07492524,-0.0730443,-0.06919336,-0.07055258
13.13999,-0.07853772,-0.07497184,-0.0730242,-0.06915396,-0.07057518
13.25999,-0.07856672,-0.07495334,-0.0730299,-0.06920486,-0.07054638
13.37999,-0.07858042,-0.07490604,-0.0730108,-0.06931396,-0.07055518
13.49999,-0.07851642,-0.07493314,-0.0728834,-0.06928536,-0.07057428
13.61999,-0.07851752,-0.07493964,-0.0728848,-0.06931746,-0.07068468
13.73999,-0.07852142,-0.07497744,-0.0729202,-0.06923586,-0.07057358
13.85999,-0.07855782,-0.07499474,-0.0729035,-0.06921596,-0.07055588
13.97999,-0.07854672,-0.07492164,-0.0728717,-0.06922906,-0.07054018
14.09999,-0.07848662,-0.07488284,-0.0728674,-0.06923966,-0.07053768
14.21999,-0.07846122,-0.07488374,-0.0728889,-0.06921176,-0.07057058
14.33999,-0.07847782,-0.07493204,-0.0728913,-0.06920976,-0.07061738
14.45999,-0.07853442,-0.07493964,-0.072925,-0.06917986,-0.07059698
14.57999,-0.07852402,-0.07493254,-0.0729089,-0.06917346,-0.07058958
14.69999,-0.07850012,-0.07490244,-0.0728415,-0.06921116,-0.07056388
14.81999,-0.07847472,-0.07488044,-0.0728382,-0.06923276,-0.07062528
14.93999,-0.07848712,-0.07492924,-0.0728384,-0.06913756,-0.07062158
15.05999,-0.07852212,-0.07499814,-0.0728533,-0.06913216,-0.07060418
15.17999,-0.07857142,-0.07502524,-0.0728693,-0.06915626,-0.07057768
15.29999,-0.07858502,-0.07498404,-0.0728508,-0.06921516,-0.07054098
15.41999,-0.07853652,-0.07499414,-0.0728441,-0.06920496,-0.07056518
15.53999,-0.07850762,-0.07494794,-0.0728174,-0.06913896,-0.07061868
15.65999,-0.07851502,-0.07511794,-0.0728988,-0.06926766,-0.07068348
15.77999,-0.07854962,-0.07500954,-0.0729027,-0.06938446,-0.07065088
15.89998,-0.07856882,-0.07500654,-0.0729182,-0.06941616,-0.07058938
16.01998,-0.07851562,-0.07496454,-0.0728596,-0.06923776,-0.07061968
16.13998,-0.07845812,-0.07499284,-0.072865,-0.06918626,-0.07063578
16.25998,-0.07850602,-0.07507754,-0.072916,-0.06909166,-0.07067068
16.37998,-0.07855782,-0.07508804,-0.0729162,-0.06911406,-0.07082588
16.49998,-0.07856362,-0.07511294,-0.0729257,-0.06916736,-0.07067348
16.61998,-0.07852322,-0.07505304,-0.0729068,-0.06919876,-0.07063508
16.73998,-0.07847352,-0.07502634,-0.0728468,-0.06915786,-0.07068118
16.85998,-0.07851192,-0.07503094,-0.0728388,-0.06909406,-0.07071318
16.97998,-0.07854312,-0.07510354,-0.0729276,-0.06911146,-0.07081348
17.09998,-0.07855702,-0.07509844,-0.0728187,-0.06938076,-0.07078788
17.21998,-0.07857692,-0.07503754,-0.0728115,-0.06945036,-0.07074448
17.33998,-0.07851792,-0.07498954,-0.0728893,-0.06938036,-0.07073138
17.45998,-0.07855812,-0.07503064,-0.0732812,-0.06933976,-0.07076568
17.57998,-0.07852522,-0.07507514,-0.0731933,-0.06930306,-0.07080458
17.69998,-0.07864152,-0.07505174,-0.0731915,-0.06932426,-0.07081128
17.81998,-0.07857102,-0.07512394,-0.0730921,-0.06933806,-0.07074218
17.93998,-0.07853402,-0.07504074,-0.0731667,-0.06913516,-0.07075098
18.05998,-0.07852272,-0.07503064,-0.073194,-0.06915366,-0.07074558
18.17998,-0.07851392,-0.07506244,-0.0730113,-0.06909286,-0.07080268
18.29998,-0.07864032,-0.07511414,-0.0729965,-0.06908126,-0.07080398
18.41998,-0.07860252,-0.07510484,-0.0730458,-0.06910496,-0.07075218
18.53998,-0.07860472,-0.07505554,-0.0730026,-0.06914356,-0.07076148
18.65998,-0.07853712,-0.07501574,-0.0730043,-0.06915706,-0.07073198
18.77998,-0.07854152,-0.07505994,-0.0730121,-0.06922316,-0.07081278
18.89998,-0.07866692,-0.07511944,-0.0731048,-0.06908646,-0.07083578
19.01998,-0.07866132,-0.07505054,-0.0731162,-0.06913606,-0.07077498
19.13998,-0.07855652,-0.07501664,-0.0730908,-0.06909806,-0.07093248
19.25998,-0.07848112,-0.07499494,-0.073088,-0.06909556,-0.07080868
19.37998,-0.07854642,-0.07500874,-0.0730903,-0.06904736,-0.07079728
19.49998,-0.07857462,-0.07505774,-0.0731213,-0.06900666,-0.07080738
19.61998,-0.07860712,-0.07507454,-0.0730966,-0.06904066,-0.07112258
19.73998,-0.07864032,-0.07504874,-0.0731022,-0.06908086,-0.07123068
19.85998,-0.07859582,-0.07500274,-0.0730607,-0.06906306,-0.07074208
19.97998,-0.07861012,-0.07502564,-0.0730546,-0.06899456,-0.07075668
20.09998,-0.07860182,-0.07502784,-0.0731066,-0.06899516,-0.07086888
20.21998,-0.07865352,-0.07506924,-0.0731476,-0.06898466,-0.07081408
20.33998,-0.07857822,-0.07506094,-0.0731521,-0.06903126,-0.07087598
20.45998,-0.07862572,-0.07501264,-0.0730754,-0.06904486,-0.07085918
20.57998,-0.07859502,-0.07499564,-0.0731019,-0.06903786,-0.07086628
20.69998,-0.07857162,-0.07508894,-0.0731291,-0.06896776,-0.07084418
20.81998,-0.07861642,-0.07511654,-0.0731472,-0.06897786,-0.07086098
20.93998,-0.07863062,-0.07512304,-0.0731588,-0.06901176,-0.07087348
21.05998,-0.07861422,-0.07508404,-0.0730825,-0.06902246,-0.07090068
21.17998,-0.07854112,-0.07500544,-0.0730515,-0.06900416,-0.07083248
21.29998,-0.07861792,-0.07508784,-0.0730868,-0.06893836,-0.07095048
21.41998,-0.07867512,-0.07508794,-0.0731206,-0.06892986,-0.07086478
21.53998,-0.07862932,-0.07514604,-0.0730653,-0.06892056,-0.07087208
21.65998,-0.07860472,-0.07514654,-0.0730728,-0.06897106,-0.07082548
21.77998,-0.07855782,-0.07506914,-0.0730329,-0.06897716,-0.07085978
21.89998,-0.07855282,-0.07508404,-0.0730221,-0.06900926,-0.07087978
22.01998,-0.07864722,-0.07507774,-0.0731387,-0.06888906,-0.07094718
22.13998,-0.07872402,-0.07514264,-0.0731585,-0.06892306,-0.07091328
22.25998,-0.07865922,-0.07518204,-0.0731718,-0.06893676,-0.07092238
22.37998,-0.07860022,-0.07508914,-0.0731548,-0.06902336,-0.07085508
22.49998,-0.07863562,-0.07500444,-0.073302,-0.06890386,-0.07086888
22.61998,-0.07870822,-0.07504864,-0.0731445,-0.06884796,-0.07090228
22.73998,-0.07864562,-0.07506454,-0.0731324,-0.06884336,-0.07097808
22.85998,-0.07867052,-0.07511834,-0.0731815,-0.06891686,-0.07092498
22.97998,-0.07861552,-0.07520504,-0.0731728,-0.06892706,-0.07083888
23.09998,-0.07861282,-0.07505814,-0.0731763,-0.06893176,-0.07088108
23.21998,-0.07863532,-0.07506184,-0.0731178,-0.06880836,-0.07089568
23.33998,-0.07869382,-0.07509894,-0.0731908,-0.06878186,-0.07094948
23.45998,-0.07880222,-0.07512904,-0.0731757,-0.06881976,-0.07094578
23.57998,-0.07863532,-0.07512154,-0.0732015,-0.06884576,-0.07094068
23.69998,-0.07855372,-0.07509044,-0.0731793,-0.06883206,-0.07093348
23.81998,-0.07855822,-0.07507854,-0.0731083,-0.06888856,-0.07091978
23.93998,-0.07862112,-0.07507654,-0.0731836,-0.06876526,-0.07101038
24.05998,-0.07874912,-0.07516504,-0.0732304,-0.06876276,-0.07098918
24.17998,-0.07862902,-0.07513384,-0.0731951,-0.06880016,-0.07097878
24.29998,-0.07856152,-0.07513314,-0.0731806,-0.06879506,-0.07091798
24.41998,-0.07857622,-0.07505594,-0.073167,-0.06876996,-0.07092088
24.53998,-0.07856312,-0.07509194,-0.0731275,-0.06874306,-0.07096108
24.65998,-0.07859252,-0.07513924,-0.0732009,-0.06874726,-0.07102708
24.77998,-0.07863072,-0.07515644,-0.0731947,-0.06879186,-0.07099218
24.89998,-0.07858482,-0.07515154,-0.0731773,-0.06878436,-0.07092308
25.01998,-0.07855532,-0.07514234,-0.0731754,-0.06881036,-0.07097008
25.13998,-0.07854062,-0.07511674,-0.0731661,-0.06870586,-0.07116658
25.25998,-0.07858072,-0.07508884,-0.0732129,-0.06872396,-0.07122358
25.37998,-0.07862772,-0.07512524,-0.0732017,-0.06874006,-0.07100558
25.49998,-0.07858332,-0.07514214,-0.0732092,-0.06875436,-0.07095258
25.61998,-0.07852192,-0.07510934,-0.073159,-0.06875006,-0.07091328
25.73997,-0.07855692,-0.07515674,-0.073192,-0.06870336,-0.07094898
25.85997,-0.07856232,-0.07512034,-0.0732654,-0.06871836,-0.07097758
25.97997,-0.07862472,-0.07515284,-0.0732461,-0.06872056,-0.07097488
26.09997,-0.07862682,-0.07519874,-0.0732201,-0.06877406,-0.07112208
26.21997,-0.07856652,-0.07516254,-0.0732395,-0.06875026,-0.07096198
26.33997,-0.07856542,-0.07514254,-0.0732276,-0.06867486,-0.07095388
26.45997,-0.07861482,-0.07514704,-0.0732361,-0.06867396,-0.07098398
26.57997,-0.07865872,-0.07517434,-0.0732991,-0.06864756,-0.07102018
26.69997,-0.07870952,-0.07523254,-0.0732948,-0.06872246,-0.07105748
26.81997,-0.07867212,-0.07525424,-0.0732403,-0.06868786,-0.07098138
26.93997,-0.07863542,-0.07515724,-0.0732213,-0.06865736,-0.07096958
27.05997,-0.07862872,-0.07516884,-0.0732981,-0.06862456,-0.07096558
27.17997,-0.07872872,-0.07517264,-0.0733026,-0.06856906,-0.07105138
27.29997,-0.07871202,-0.07521214,-0.0732842,-0.06862086,-0.07102588
27.41997,-0.07873632,-0.07519994,-0.07327,-0.06861796,-0.07101978
27.53997,-0.07864452,-0.07515294,-0.0733284,-0.06859846,-0.07101678
27.65997,-0.07866782,-0.07515114,-0.0732636,-0.06857306,-0.07098018
27.77997,-0.07872072,-0.07517354,-0.0733346,-0.06854386,-0.07104708
27.89997,-0.07872522,-0.07516704,-0.0733475,-0.06856366,-0.07107398
28.01997,-0.07868152,-0.07519254,-0.0733905,-0.06862516,-0.07106928
28.13997,-0.07864372,-0.07522874,-0.0733716,-0.06862036,-0.07099858
28.25997,-0.07871872,-0.07517384,-0.0733772,-0.06853446,-0.07102268
28.37997,-0.07869292,-0.07516754,-0.0735938,-0.06855916,-0.07100378
28.49997,-0.07873072,-0.07517654,-0.0735061,-0.06850836,-0.07105448
28.61997,-0.07869942,-0.07522004,-0.0735095,-0.06859336,-0.07107368
28.73997,-0.07868142,-0.07519844,-0.0734459,-0.06856186,-0.07100588
28.85997,-0.07866642,-0.07513014,-0.0734453,-0.06854406,-0.07100428
28.97997,-0.07868342,-0.07516294,-0.0734614,-0.06853466,-0.07103818
29.09997,-0.07885642,-0.07517594,-0.0735451,-0.06853326,-0.07110928
29.21997,-0.07873472,-0.07518234,-0.0736305,-0.06859166,-0.07120048
29.33997,-0.07875092,-0.07518184,-0.0736736,-0.06853546,-0.07105368
29.45997,-0.07869492,-0.07517814,-0.0736449,-0.06865556,-0.07098958
29.57997,-0.07873042,-0.07513504,-0.0736895,-0.06849746,-0.07099308
29.69997,-0.07877972,-0.07514444,-0.0737034,-0.06847966,-0.07103728
29.81997,-0.07877112,-0.07519364,-0.0737978,-0.06849576,-0.07106388
29.93997,-0.07878732,-0.07524344,-0.073777,-0.06853176,-0.07106818
30.05997,-0.07875502,-0.07524914,-0.0737875,-0.06851786,-0.07102438
30.17997,-0.07874712,-0.07521594,-0.073771,-0.06846476,-0.07102928
30.29997,-0.07875292,-0.07515204,-0.0737983,-0.06845546,-0.07105248
30.41997,-0.07881372,-0.07516524,-0.0739019,-0.06846476,-0.07109928
30.53997,-0.07878082,-0.07524574,-0.0738696,-0.06849516,-0.07107138
30.65997,-0.07877612,-0.07528084,-0.0738811,-0.06851566,-0.07105018
30.77997,-0.07874712,-0.07521484,-0.0738747,-0.06846586,-0.07099498
30.89997,-0.07872982,-0.07522704,-0.0738836,-0.06842636,-0.07106698
31.01997,-0.07879042,-0.07513584,-0.0739306,-0.06842556,-0.07109998
31.13997,-0.07881812,-0.07518504,-0.0739727,-0.06851416,-0.07121178
31.25997,-0.07879782,-0.07518944,-0.073898,-0.06845426,-0.07113358
31.37997,-0.07873202,-0.07519004,-0.0738366,-0.06845326,-0.07104778
31.49997,-0.07874212,-0.07516934,-0.0738873,-0.06838236,-0.07106688
31.61997,-0.07877102,-0.07515664,-0.073916,-0.06840296,-0.07106438
31.73997,-0.07880632,-0.07524194,-0.0739611,-0.06844446,-0.07107488
31.85997,-0.07876952,-0.07519314,-0.0739601,-0.06847326,-0.07109098
31.97997,-0.07875242,-0.07518434,-0.0739091,-0.06844156,-0.07107408
32.09997,-0.07869632,-0.07510324,-0.073924,-0.06833886,-0.07104538
32.21997,-0.07868312,-0.07517844,-0.0738716,-0.06836146,-0.07107028
32.33997,-0.07873532,-0.07519964,-0.0739218,-0.06837136,-0.07115198
32.45997,-0.07878452,-0.07525644,-0.07395,-0.06842946,-0.07113228
32.57997,-0.07871902,-0.07526524,-0.0740117,-0.06845186,-0.07111968
32.69997,-0.07868162,-0.07528314,-0.0739991,-0.06838276,-0.07113828
32.81997,-0.07867782,-0.07521754,-0.0739295,-0.06835086,-0.07110578
32.93997,-0.07872382,-0.07519794,-0.0739847,-0.06835996,-0.07114338
33.05997,-0.07873712,-0.07526764,-0.0740119,-0.06840526,-0.07119608
33.17997,-0.07870502,-0.07528624,-0.073992,-0.06836406,-0.07112288
33.29997,-0.07867692,-0.07529664,-0.0739656,-0.06836426,-0.07116178
33.41997,-0.07866262,-0.07518334,-0.0739672,-0.06832616,-0.07117128
33.53997,-0.07871252,-0.07516034,-0.0739688,-0.06834336,-0.07117858
33.65997,-0.07874342,-0.07519144,-0.0740259,-0.06838616,-0.07125938
33.77997,-0.07869952,-0.07522394,-0.0740154,-0.06836806,-0.07115378
33.89997,-0.07867502,-0.07520334,-0.0740146,-0.06839046,-0.07113688
34.01997,-0.07867272,-0.07519134,-0.0740348,-0.06831346,-0.07112218
34.13997,-0.07877422,-0.07514674,-0.0740554,-0.06830616,-0.07111978
34.25997,-0.07871992,-0.07520294,-0.0740589,-0.06833036,-0.07115238
34.37997,-0.07869972,-0.07519734,-0.0740483,-0.06836156,-0.07116258
34.49997,-0.07870992,-0.07523104,-0.074065,-0.06836986,-0.07111628
34.61997,-0.07865222,-0.07520334,-0.0740022,-0.06835246,-0.07110078
34.73997,-0.07866872,-0.07511754,-0.0739896,-0.06829906,-0.07111208
34.85997,-0.07871082,-0.07518034,-0.074077,-0.06834596,-0.07115698
34.97997,-0.07867722,-0.07521334,-0.0740676,-0.06839316,-0.07124758
35.09997,-0.07873192,-0.07524254,-0.0740442,-0.06832276,-0.07118498
35.21997,-0.07867172,-0.07523154,-0.0739753,-0.06829466,-0.07113598
35.33997,-0.07866962,-0.07518284,-0.0739604,-0.06829106,-0.07113988
35.45997,-0.07871752,-0.07518054,-0.0739898,-0.06829276,-0.07114158
35.57997,-0.07873392,-0.07520354,-0.0740416,-0.06839996,-0.07119058
35.69996,-0.07873272,-0.07527114,-0.0739732,-0.06833986,-0.07123198
35.81996,-0.07866542,-0.07524064,-0.0739598,-0.06830076,-0.07113748
35.93996,-0.07867522,-0.07537034,-0.0739362,-0.06825236,-0.07108698
36.05996,-0.07866602,-0.07519964,-0.0740427,-0.06825616,-0.07118238
36.17996,-0.07871912,-0.07515484,-0.0739964,-0.06825786,-0.07135798
36.29996,-0.07872032,-0.07521834,-0.0739834,-0.06828626,-0.07118468
36.41996,-0.07873312,-0.07527674,-0.073998,-0.06830916,-0.07119168
36.53996,-0.07865932,-0.07532814,-0.0739502,-0.06827056,-0.07113658
36.65996,-0.07869212,-0.07531344,-0.0739685,-0.06822426,-0.07118648
36.77996,-0.07868672,-0.07518494,-0.0740157,-0.06820706,-0.07120078
36.89996,-0.07873922,-0.07517854,-0.0740262,-0.06826426,-0.07119958
37.01996,-0.07871892,-0.07520744,-0.0740181,-0.06829916,-0.07119788
37.13996,-0.07869202,-0.07521844,-0.0740067,-0.06823056,-0.07114168
37.25996,-0.07864452,-0.07519484,-0.0740131,-0.06822486,-0.07115698
37.37996,-0.07871202,-0.07517554,-0.0739663,-0.06823906,-0.07118528
37.49996,-0.07875092,-0.07511584,-0.0740986,-0.06825216,-0.07122058
37.61996,-0.07877002,-0.07521984,-0.0740762,-0.06826216,-0.07119728
37.73996,-0.07881782,-0.07522904,-0.0741651,-0.06825506,-0.07117458
37.85996,-0.07866842,-0.07519924,-0.07403,-0.06820096,-0.07117188
37.97996,-0.07868962,-0.07512274,-0.0739914,-0.06820586,-0.07119448
38.09996,-0.07873362,-0.07517214,-0.0740275,-0.06828846,-0.07121688
38.21996,-0.07877642,-0.07521254,-0.0740193,-0.06828786,-0.07122208
38.33996,-0.07878872,-0.07523134,-0.0740791,-0.06824296,-0.07120468
38.45996,-0.07874822,-0.07520004,-0.0740253,-0.06820256,-0.07116998
38.57996,-0.07877322,-0.07517524,-0.0740234,-0.06823246,-0.07112188
38.69996,-0.07879282,-0.07513114,-0.0740306,-0.06834176,-0.07118148
38.81996,-0.07882172,-0.07518274,-0.0740986,-0.06843696,-0.07120728
38.93996,-0.07876622,-0.07519074,-0.0740705,-0.06825926,-0.07117738
39.05996,-0.07874802,-0.07521794,-0.0740407,-0.06816576,-0.07116548
39.17996,-0.07875582,-0.07518524,-0.0740262,-0.06820046,-0.07111638
39.29996,-0.07875092,-0.07518054,-0.0740503,-0.06818586,-0.07114928
39.41996,-0.07879022,-0.07517094,-0.0740499,-0.06827326,-0.07121868
39.53996,-0.07876912,-0.07519644,-0.0740945,-0.06832666,-0.07120298
39.65996,-0.07874122,-0.07524444,-0.0740335,-0.06838566,-0.07117218
39.77996,-0.07877782,-0.07520894,-0.0740176,-0.06821656,-0.07113308
39.89996,-0.07872932,-0.07518354,-0.0739611,-0.06819676,-0.07116388
40.01996,-0.07873012,-0.07523064,-0.0740518,-0.06823766,-0.07119408
40.13996,-0.07871622,-0.07521924,-0.074115,-0.06830326,-0.07127228
40.25996,-0.07870202,-0.07526884,-0.0740861,-0.06821966,-0.07114338
40.37996,-0.07868332,-0.07522744,-0.0740289,-0.06815466,-0.07115588
40.49996,-0.07867462,-0.07526174,-0.0739839,-0.06816046,-0.07113848
40.61996,-0.07869742,-0.07528754,-0.0740233,-0.06821656,-0.07124048
40.73996,-0.07874082,-0.07524564,-0.0740571,-0.06825826,-0.07120068
40.85996,-0.07870042,-0.07523754,-0.074037,-0.06822526,-0.07123698
40.97996,-0.07870302,-0.07532724,-0.0740228,-0.06821426,-0.07120008
41.09996,-0.07864682,-0.07537504,-0.0740103,-0.06816866,-0.07120238
41.21996,-0.07862892,-0.07516894,-0.073989,-0.06819876,-0.07134668
41.33996,-0.07874332,-0.07520744,-0.0740336,-0.06822676,-0.07134498
41.45996,-0.07872532,-0.07524514,-0.07404,-0.06824646,-0.07127508
41.57996,-0.07869532,-0.07523924,-0.0740673,-0.06815926,-0.07122938
41.69996,-0.07866742,-0.07523694,-0.0740694,-0.06810846,-0.07119248
41.81996,-0.07867012,-0.07520274,-0.07405,-0.06814246,-0.07119988
41.93996,-0.07874162,-0.07520694,-0.0740556,-0.06820266,-0.07125928
42.05996,-0.07876462,-0.07519734,-0.074122,-0.06818606,-0.07122808
42.17996,-0.07871622,-0.07525664,-0.0740863,-0.06816616,-0.07122718
42.29996,-0.07867882,-0.07524624,-0.0740316,-0.06810256,-0.07121148
42.41996,-0.07868722,-0.07528654,-0.0740139,-0.06811896,-0.07121778
42.53996,-0.07870532,-0.07517864,-0.0740606,-0.06817546,-0.07127428
42.65996,-0.07878092,-0.07520874,-0.0740779,-0.06818106,-0.07125538
42.77996,-0.07875652,-0.07524714,-0.0740869,-0.06816966,-0.07126028
42.89996,-0.07875602,-0.07523314,-0.0741057,-0.06810186,-0.07121738
43.01996,-0.07865922,-0.07523544,-0.0741346,-0.06811876,-0.07120208
43.13996,-0.07868022,-0.07514564,-0.0740001,-0.06818096,-0.07128228
43.25996,-0.07870692,-0.07521644,-0.0740843,-0.06819566,-0.07127518
43.37996,-0.07869072,-0.07521894,-0.0740527,-0.06819376,-0.07122478
43.49996,-0.07877242,-0.07523064,-0.074061,-0.06811936,-0.07117888
43.61996,-0.07871682,-0.07519334,-0.0740648,-0.06808836,-0.07121858
43.73996,-0.07870812,-0.07519254,-0.0741046,-0.06810776,-0.07122138
43.85996,-0.07866652,-0.07515434,-0.0741368,-0.06818736,-0.07126648
43.97996,-0.07869342,-0.07521024,-0.0741477,-0.06817346,-0.07126168
44.09996,-0.07869542,-0.07526334,-0.0741369,-0.06813116,-0.07117818
44.21996,-0.07865472,-0.07520724,-0.0740832,-0.06812666,-0.07119238
44.33996,-0.07867092,-0.07528604,-0.0741084,-0.06814126,-0.07117658
44.45996,-0.07871932,-0.07515314,-0.074121,-0.06819096,-0.07125408
44.57996,-0.07873002,-0.07517164,-0.0740989,-0.06823056,-0.07122598
44.69996,-0.07871342,-0.07525054,-0.0740687,-0.06823176,-0.07121168
44.81996,-0.07868332,-0.07523544,-0.0741105,-0.06807936,-0.07119728
44.93996,-0.07869322,-0.07522254,-0.0739841,-0.06809716,-0.07116748
45.05996,-0.07863622,-0.07519914,-0.0739696,-0.06816436,-0.07125258
45.17996,-0.07867052,-0.07521134,-0.0741182,-0.06820156,-0.07129518
45.29996,-0.07866772,-0.07526244,-0.0741187,-0.06820666,-0.07122918
45.41996,-0.07866752,-0.07525574,-0.0740687,-0.06819626,-0.07118338
45.53995,-0.07862022,-0.07520674,-0.0740352,-0.06812446,-0.07119228
45.65995,-0.07865072,-0.07518184,-0.0740303,-0.06814426,-0.07120818
45.77995,-0.07863982,-0.07518604,-0.0740762,-0.06821646,-0.07122368
45.89995,-0.07865932,-0.07520064,-0.074133,-0.06819136,-0.07121798
46.01995,-0.07869432,-0.07523714,-0.0741539,-0.06815526,-0.07118058
46.13995,-0.07865112,-0.07537554,-0.074169,-0.06813926,-0.07119598
46.25995,-0.07866012,-0.07523094,-0.0740133,-0.06812736,-0.07121698
46.37995,-0.07868892,-0.07521254,-0.074032,-0.06821016,-0.07137018
46.49995,-0.07873972,-0.07522754,-0.0741031,-0.06819986,-0.07123768
46.61995,-0.07870502,-0.07530614,-0.0740827,-0.06821056,-0.07118088
46.73995,-0.07867212,-0.07530434,-0.0741014,-0.06816406,-0.07126238
46.85995,-0.07866582,-0.07525394,-0.0740876,-0.06815166,-0.07118068
46.97995,-0.07863302,-0.07525384,-0.0741271,-0.06817296,-0.07120448
47.09995,-0.07867712,-0.07526764,-0.0741454,-0.06820906,-0.07117698
47.21995,-0.07870872,-0.07529254,-0.0741759,-0.06820066,-0.07124368
47.33995,-0.07868222,-0.07528654,-0.0741332,-0.06815046,-0.07121798
47.45995,-0.07865422,-0.07529894,-0.0741244,-0.06811506,-0.07121478
47.57995,-0.07861362,-0.07521194,-0.0740931,-0.06815576,-0.07122658
47.69995,-0.07865722,-0.07524364,-0.0741155,-0.06820166,-0.07128778
47.81995,-0.07866322,-0.07523034,-0.0741105,-0.06818046,-0.07128548
47.93995,-0.07874852,-0.07529964,-0.0741485,-0.06812796,-0.07122768
48.05995,-0.07864522,-0.07535924,-0.0741776,-0.06810406,-0.07118458
48.17995,-0.07863512,-0.07527694,-0.0740712,-0.06814236,-0.07121928
48.29995,-0.07865772,-0.07520024,-0.074083,-0.06815516,-0.07125358
48.41995,-0.07870782,-0.07522624,-0.0741534,-0.06812536,-0.07123518
48.53995,-0.07877272,-0.07526134,-0.0740991,-0.06809606,-0.07120508
48.65995,-0.07873022,-0.07526744,-0.074094,-0.06808556,-0.07121228
48.77995,-0.07869942,-0.07530044,-0.0740307,-0.06809736,-0.07122568
48.89995,-0.07870962,-0.07524704,-0.0740392,-0.06816206,-0.07127908
49.01995,-0.07873432,-0.07526784,-0.0741184,-0.06818666,-0.07124638
49.13995,-0.07877742,-0.07536914,-0.0741462,-0.06815426,-0.07131218
49.25995,-0.07874862,-0.07532754,-0.0741352,-0.06808866,-0.07126868
49.37995,-0.07873092,-0.07532884,-0.0740868,-0.06811396,-0.07117608
49.49995,-0.07870762,-0.07522774,-0.0740801,-0.06810316,-0.07124768
49.61995,-0.07872262,-0.07516374,-0.0741217,-0.06814726,-0.07123698
49.73995,-0.07873512,-0.07520474,-0.0741266,-0.06829206,-0.07128468
49.85995,-0.07874692,-0.07524114,-0.0741092,-0.06811896,-0.07127858
49.97995,-0.07882362,-0.07528874,-0.0740912,-0.06809276,-0.07125668
50.09995,-0.07875362,-0.07525304,-0.0740812,-0.06808646,-0.07128618
50.21995,-0.07864352,-0.07526384,-0.074061,-0.06816236,-0.07128068
50.33995,-0.07871552,-0.07525194,-0.0741422,-0.06814466,-0.07127598
50.45995,-0.07875542,-0.07529054,-0.0741551,-0.06815266,-0.07126998
50.57995,-0.07876722,-0.07523844,-0.0741317,-0.06808346,-0.07119798
50.69995,-0.07878332,-0.07522904,-0.0740988,-0.06813656,-0.07121978
50.81995,-0.07874582,-0.07521544,-0.074103,-0.06818566,-0.07122768
50.93995,-0.07875602,-0.07523594,-0.0741289,-0.06817516,-0.07123338
51.05995,-0.07879662,-0.07528784,-0.0741616,-0.06817816,-0.07121628
51.17995,-0.07877192,-0.07537604,-0.0741838,-0.06811796,-0.07121058
51.29995,-0.07873232,-0.07528934,-0.0740831,-0.06807886,-0.07117468
51.41995,-0.07872512,-0.07522394,-0.0740561,-0.06808326,-0.07131408
51.53995,-0.07874492,-0.07524134,-0.0741018,-0.06815056,-0.07121828
51.65995,-0.07876912,-0.07525494,-0.0741358,-0.06814656,-0.07118388
51.77995,-0.07877332,-0.07532384,-0.0741423,-0.06807346,-0.07118018
51.89995,-0.07873332,-0.07529624,-0.074089,-0.06809186,-0.07135968
52.01995,-0.07870812,-0.07523734,-0.0740608,-0.06810496,-0.07132008
52.13995,-0.07868632,-0.07527274,-0.0740981,-0.06833446,-0.07123768
52.25995,-0.07876182,-0.07524934,-0.074149,-0.06813666,-0.07123668
52.37995,-0.07872292,-0.07529104,-0.0743954,-0.06808586,-0.07118878
52.49995,-0.07873802,-0.07546744,-0.0741684,-0.06802256,-0.07124798
52.61995,-0.07874272,-0.07532464,-0.0740694,-0.06803536,-0.07134488
52.73995,-0.07886732,-0.07525914,-0.0740811,-0.06813016,-0.07128638
52.85995,-0.07871712,-0.07528494,-0.0740792,-0.06813536,-0.07126968
52.97995,-0.07871652,-0.07530674,-0.0741796,-0.06812966,-0.07120998
53.09995,-0.07872362,-0.07541894,-0.0742091,-0.06807176,-0.07121188
53.21995,-0.07867932,-0.07536864,-0.0740998,-0.06808756,-0.07120738
53.33995,-0.07869752,-0.07528934,-0.0740689,-0.06809056,-0.07127138
53.45995,-0.07870202,-0.07535154,-0.0741175,-0.06817636,-0.07125028
53.57995,-0.07874052,-0.07528994,-0.0741387,-0.06809036,-0.07124248
53.69995,-0.07875032,-0.07532304,-0.0741302,-0.06804756,-0.07119948
53.81995,-0.07873882,-0.07531684,-0.0741437,-0.06803766,-0.07122108
53.93995,-0.07867472,-0.07529324,-0.074114,-0.06806646,-0.07123828
54.05995,-0.07882692,-0.07528724,-0.0741159,-0.06811496,-0.07122798
54.17995,-0.07872292,-0.07526314,-0.0741748,-0.06814336,-0.07117218
54.29995,-0.07874422,-0.07531444,-0.0741626,-0.06808126,-0.07114938
54.41995,-0.07871492,-0.07529404,-0.0741609,-0.06806356,-0.07119428
54.53995,-0.07865902,-0.07523364,-0.0741357,-0.06806996,-0.07118318
54.65995,-0.07872352,-0.07525974,-0.0741385,-0.06811586,-0.07121058
54.77995,-0.07874602,-0.07523414,-0.0741375,-0.06813206,-0.07118138
54.89995,-0.07874582,-0.07527924,-0.0741736,-0.06807396,-0.07113248
55.01995,-0.07876132,-0.07528084,-0.0741184,-0.06805726,-0.07116418
55.13995,-0.07876682,-0.07527764,-0.0740881,-0.06814526,-0.07119378
55.25995,-0.07863752,-0.07525184,-0.0741151,-0.06814366,-0.07121488
55.37994,-0.07866282,-0.07528234,-0.0741512,-0.06810466,-0.07118448
55.49994,-0.07875742,-0.07531334,-0.0741896,-0.06807016,-0.07117758
55.61994,-0.07875582,-0.07530124,-0.0741894,-0.06800926,-0.07117788
55.73994,-0.07869132,-0.07533344,-0.0741374,-0.06804066,-0.07123198
55.85994,-0.07864822,-0.07527284,-0.0741765,-0.06807096,-0.07125928
55.97994,-0.07869962,-0.07524734,-0.0741765,-0.06812636,-0.07121678
56.09994,-0.07879132,-0.07540954,-0.0742049,-0.06809606,-0.07115158
56.21994,-0.07873692,-0.07536804,-0.0743347,-0.06806636,-0.07114858
56.33994,-0.07873112,-0.07526874,-0.0741974,-0.06801306,-0.07122608
56.45994,-0.07868252,-0.07525974,-0.0741254,-0.06806796,-0.07137988
56.57994,-0.07866452,-0.07523364,-0.0740957,-0.06811046,-0.07122078
56.69994,-0.07869592,-0.07524334,-0.0740881,-0.06804586,-0.07119188
56.81994,-0.07879302,-0.07533934,-0.0742034,-0.06802976,-0.07114128
56.93994,-0.07871282,-0.07536724,-0.0741384,-0.06800596,-0.07119498
57.05994,-0.07865012,-0.07532704,-0.0741106,-0.06799396,-0.07126408
57.17994,-0.07868822,-0.07529684,-0.0740927,-0.06807136,-0.07121248
57.29994,-0.07869412,-0.07524144,-0.0741593,-0.06808906,-0.07120838
57.41994,-0.07871402,-0.07526774,-0.0741518,-0.06805246,-0.07119668
57.53994,-0.07873612,-0.07529584,-0.0741596,-0.06801766,-0.07119448
57.65994,-0.07873432,-0.07530634,-0.0741393,-0.06801016,-0.07122108
57.77994,-0.07866072,-0.07525624,-0.0740489,-0.06803846,-0.07133588
57.89994,-0.07864612,-0.07524444,-0.0740613,-0.06809396,-0.07121668
58.01994,-0.07874302,-0.07528734,-0.0741314,-0.06812126,-0.07118828
58.13994,-0.07872112,-0.07531824,-0.0742122,-0.06798336,-0.07116738
58.25994,-0.07872132,-0.07529324,-0.0741039,-0.06799796,-0.07119858
58.37994,-0.07868312,-0.07530204,-0.0740515,-0.06801996,-0.07122508
58.49994,-0.07870282,-0.07523854,-0.0740458,-0.06806306,-0.07121688
58.61994,-0.07868002,-0.07526444,-0.0740695,-0.06804176,-0.07117148
58.73994,-0.07875882,-0.07527454,-0.07407,-0.06805926,-0.07116478
58.85994,-0.07876132,-0.07530524,-0.0740408,-0.06800306,-0.07121408
58.97994,-0.07868872,-0.07530914,-0.0739539,-0.06801186,-0.07122058
59.09994,-0.07867582,-0.07527514,-0.0739917,-0.06808366,-0.07125388
59.21994,-0.07869682,-0.07523824,-0.0740095,-0.06811626,-0.07118498
59.33994,-0.07876032,-0.07525934,-0.074067,-0.06805536,-0.07114988
59.45994,-0.07873852,-0.07532674,-0.0740348,-0.06802216,-0.07116478
59.57994,-0.07868662,-0.07528864,-0.073977,-0.06798186,-0.07119988
59.69994,-0.07870482,-0.07525044,-0.0739031,-0.06803666,-0.07121928
59.81994,-0.07870462,-0.07521364,-0.0739734,-0.06812236,-0.07115148
59.93994,-0.07876362,-0.07521804,-0.0740592,-0.06811256,-0.07112978
60.05994,-0.07875632,-0.07526474,-0.0740794,-0.06799946,-0.07117418
60.17994,-0.07874402,-0.07534404,-0.0740047,-0.06793886,-0.07122458
60.29994,-0.07869812,-0.07522134,-0.0739134,-0.06798416,-0.07126458
60.41994,-0.07863182,-0.07520604,-0.0739354,-0.06805496,-0.07147178
60.53994,-0.07866802,-0.07522854,-0.0739578,-0.06804606,-0.07116998
60.65994,-0.07867152,-0.07525364,-0.0739861,-0.06801226,-0.07121648
60.77994,-0.07872082,-0.07530694,-0.0739652,-0.06793636,-0.07121818
60.89994,-0.07865842,-0.07529914,-0.0739011,-0.06800166,-0.07124128
61.01994,-0.07865062,-0.07524734,-0.0738943,-0.06799996,-0.07123608
61.13994,-0.07860592,-0.07521664,-0.0739852,-0.06804336,-0.07115548
61.25994,-0.07869312,-0.07536264,-0.0739684,-0.06799216,-0.07123408
61.37994,-0.07871642,-0.07531954,-0.0739155,-0.06798916,-0.07119148
61.49994,-0.07870962,-0.07525124,-0.0739022,-0.06794326,-0.07126548
61.61994,-0.07863092,-0.07520914,-0.0738537,-0.06802386,-0.07128598
61.73994,-0.07870932,-0.07522294,-0.0738829,-0.06805056,-0.07119728
61.85994,-0.07874182,-0.07523964,-0.0739557,-0.06802116,-0.07118008
61.97994,-0.07875232,-0.07530254,-0.0739457,-0.06798976,-0.07120478
62.09994,-0.07868812,-0.07529994,-0.0739394,-0.06794546,-0.07129238
62.21994,-0.07871712,-0.07527984,-0.0738666,-0.06795896,-0.07131738
62.33994,-0.07872782,-0.07523344,-0.0738754,-0.06799236,-0.07119788
62.45994,-0.07871832,-0.07523784,-0.0739243,-0.06797596,-0.07123368
62.57994,-0.07878462,-0.07526804,-0.0739718,-0.06798476,-0.07119218
62.69994,-0.07880802,-0.07533814,-0.0740041,-0.06793586,-0.07126148
62.81994,-0.07871062,-0.07533124,-0.0741272,-0.06792356,-0.07123918
62.93994,-0.07872262,-0.07524694,-0.0740559,-0.06800346,-0.07120928
63.05994,-0.07872432,-0.07521884,-0.0738477,-0.06800056,-0.07118808
63.17994,-0.07877142,-0.07521044,-0.0740283,-0.06799496,-0.07115548
63.29994,-0.07874852,-0.07530234,-0.0739169,-0.06797426,-0.07117858
63.41994,-0.07878172,-0.07533994,-0.0738594,-0.06791776,-0.07124648
63.53994,-0.07873082,-0.07527244,-0.0738135,-0.06794666,-0.07121458
63.65994,-0.07869702,-0.07522354,-0.0738534,-0.06798326,-0.07115208
63.77994,-0.07875472,-0.07521464,-0.0740034,-0.06798116,-0.07118548
63.89994,-0.07878802,-0.07527784,-0.0738965,-0.06803326,-0.07116868
64.01994,-0.07876382,-0.07527824,-0.0738446,-0.06806216,-0.07126108
64.13994,-0.07874052,-0.07526444,-0.0738122,-0.06795846,-0.07119338
64.25994,-0.07869112,-0.07522324,-0.0738603,-0.06800546,-0.07119558
64.37994,-0.07873912,-0.07520884,-0.0739307,-0.06797476,-0.07119498
64.49994,-0.07880362,-0.07536174,-0.0740184,-0.06796806,-0.07119378
64.61994,-0.07879112,-0.07532004,-0.0739224,-0.06797646,-0.07123198
64.73994,-0.07875392,-0.07526544,-0.0738436,-0.06798726,-0.07124758
64.85994,-0.07872182,-0.07519674,-0.0737969,-0.06800456,-0.07120478
64.97994,-0.07874502,-0.07519504,-0.0738567,-0.06801666,-0.07117758
65.09994,-0.07877372,-0.07527814,-0.0738743,-0.06793826,-0.07121688
65.21994,-0.07882232,-0.07532844,-0.0738561,-0.06788596,-0.07123358
65.33993,-0.07882172,-0.07529744,-0.0738198,-0.06789426,-0.07123098
65.45993,-0.07882682,-0.07531564,-0.0737886,-0.06792676,-0.07129698
65.57993,-0.07871302,-0.07523964,-0.0738123,-0.06795846,-0.07127268
65.69993,-0.07873122,-0.07526034,-0.0738086,-0.06797976,-0.07119288
65.81993,-0.07878442,-0.07531084,-0.0738596,-0.06794326,-0.07119088
65.93993,-0.07876422,-0.07528584,-0.0738411,-0.06791826,-0.07120558
66.05993,-0.07874832,-0.07531344,-0.0737617,-0.06789756,-0.07121928
66.17993,-0.07874282,-0.07526744,-0.0737988,-0.06793766,-0.07120188
66.29993,-0.07875722,-0.07527204,-0.0738203,-0.06792006,-0.07121318
66.41993,-0.07880412,-0.07540214,-0.0738421,-0.06788536,-0.07124238
66.53993,-0.07879082,-0.07528554,-0.0738526,-0.06784906,-0.07129138
66.65993,-0.07875812,-0.07528644,-0.073812,-0.06788296,-0.07139508
66.77993,-0.07872692,-0.07521144,-0.073864,-0.06791096,-0.07122548
66.89993,-0.07871162,-0.07523994,-0.0738928,-0.06792436,-0.07115408
67.01993,-0.07876182,-0.07527104,-0.0739315,-0.06793716,-0.07118428
67.13993,-0.07874742,-0.07527894,-0.0739186,-0.06785406,-0.07126418
67.25993,-0.07875942,-0.07529634,-0.0738818,-0.06785166,-0.07129268
67.37993,-0.07869312,-0.07530904,-0.0738755,-0.06787466,-0.07146778
67.49993,-0.07873712,-0.07521784,-0.0738655,-0.06788346,-0.07140128
67.61993,-0.07878842,-0.07527174,-0.0739209,-0.06785126,-0.07117128
67.73993,-0.07879072,-0.07527764,-0.0739267,-0.06784716,-0.07124158
67.85993,-0.07874832,-0.07528894,-0.0738911,-0.06779596,-0.07125418
67.97993,-0.07870142,-0.07529044,-0.0738697,-0.06785076,-0.07124088
68.09993,-0.07873742,-0.07521264,-0.0738744,-0.06783976,-0.07121528
68.21993,-0.07873482,-0.07523854,-0.0740488,-0.06784556,-0.07117168
68.33993,-0.07878962,-0.07529494,-0.0740415,-0.06784176,-0.07121548
68.45993,-0.07874962,-0.07535074,-0.0740133,-0.06773306,-0.07126768
68.57993,-0.07871702,-0.07532254,-0.0739579,-0.06773856,-0.07125418
68.69993,-0.07873342,-0.07531574,-0.073947,-0.06772916,-0.07121618
68.81993,-0.07870772,-0.07526064,-0.0739761,-0.06776986,-0.07120848
68.93993,-0.07873972,-0.07525224,-0.0740353,-0.06775956,-0.07118938
69.05993,-0.07873512,-0.07534984,-0.0740165,-0.06779716,-0.07123278
69.17993,-0.07871432,-0.07535714,-0.0739952,-0.06770866,-0.07128748
69.29993,-0.07865052,-0.07536194,-0.0739864,-0.06773366,-0.07128818
69.41993,-0.07865502,-0.07530284,-0.0739851,-0.06776866,-0.07121508
69.53993,-0.07867802,-0.07532914,-0.0740371,-0.06776146,-0.07119308
69.65993,-0.07869392,-0.07537694,-0.0740615,-0.06771456,-0.07124968
69.77993,-0.07871152,-0.07535704,-0.0740434,-0.06769616,-0.07126058
69.89993,-0.07862362,-0.07534734,-0.0740139,-0.06775226,-0.07129108
70.01993,-0.07861012,-0.07531294,-0.0740418,-0.06787316,-0.07117688
70.13993,-0.07864722,-0.07528194,-0.0741129,-0.06768776,-0.07118518
70.25993,-0.07864662,-0.07533444,-0.0741185,-0.06770706,-0.07118008
70.37993,-0.07869012,-0.07528014,-0.0741544,-0.06764236,-0.07123918
70.49993,-0.07867742,-0.07525614,-0.0740513,-0.06768396,-0.07124898
70.61993,-0.07868022,-0.07523584,-0.0740522,-0.06775256,-0.07118068
70.73993,-0.07857012,-0.07524724,-0.0740715,-0.06773406,-0.07120208
70.85993,-0.07861932,-0.07523274,-0.0741497,-0.06773256,-0.07122098
70.97993,-0.07861582,-0.07528694,-0.0740971,-0.06769036,-0.07120068
71.09993,-0.07855602,-0.07529724,-0.0740743,-0.06771446,-0.07123498
71.21993,-0.07861062,-0.07530294,-0.0740513,-0.06764926,-0.07119988
71.33993,-0.07859052,-0.07529044,-0.0741012,-0.06765946,-0.07120588
71.45993,-0.07867722,-0.07526444,-0.074116,-0.06769716,-0.07118858
71.57993,-0.07866022,-0.07528354,-0.0741397,-0.06777306,-0.07121088
71.69993,-0.07863502,-0.07531914,-0.0741805,-0.06760756,-0.07133888
71.81993,-0.07860452,-0.07528864,-0.074096,-0.06763426,-0.07127518
71.93993,-0.07853542,-0.07529374,-0.0741317,-0.06769116,-0.07119848
72.05993,-0.07855332,-0.07539144,-0.0741804,-0.06767536,-0.07118728
72.17993,-0.07854932,-0.07531664,-0.0742267,-0.06772706,-0.07126478
72.29993,-0.07859492,-0.07534444,-0.0741655,-0.06767236,-0.07127738
72.41993,-0.07853242,-0.07530814,-0.0741217,-0.06770276,-0.07131318
72.53993,-0.07853472,-0.07533154,-0.0741248,-0.06773146,-0.07124668
72.65993,-0.07856012,-0.07534314,-0.0741752,-0.06774286,-0.07121438
72.77993,-0.07858632,-0.07535544,-0.0742005,-0.06775066,-0.07119468
72.89993,-0.07860152,-0.07538864,-0.0742781,-0.06771826,-0.07126658
73.01993,-0.07855352,-0.07538914,-0.074166,-0.06765556,-0.07121268
73.13993,-0.07843592,-0.07534514,-0.0741269,-0.06766806,-0.07122578
73.25993,-0.07846252,-0.07530564,-0.0741832,-0.06772126,-0.07117348
73.37993,-0.07848962,-0.07535114,-0.0743664,-0.06773076,-0.07121088
73.49993,-0.07850352,-0.07533274,-0.0741902,-0.06772026,-0.07131328
73.61993,-0.07849022,-0.07536114,-0.0741431,-0.06772366,-0.07125008
73.73993,-0.07843912,-0.07536274,-0.0741585,-0.06772236,-0.07124868
73.85993,-0.07844962,-0.07532494,-0.0741154,-0.06775446,-0.07122078
73.97993,-0.07844002,-0.07535314,-0.074213,-0.06782286,-0.07122018
74.09993,-0.07847692,-0.07534014,-0.0742167,-0.06779946,-0.07124398
74.21993,-0.07844662,-0.07535234,-0.0742102,-0.06774136,-0.07127008
74.33993,-0.07843482,-0.07540744,-0.074175,-0.06778226,-0.07125698
74.45993,-0.07841092,-0.07537914,-0.0741267,-0.06775976,-0.07122808
74.57993,-0.07887042,-0.07533084,-0.0741918,-0.06783756,-0.07122548
74.69993,-0.07903212,-0.07535534,-0.0741823,-0.06784766,-0.07123688
74.81993,-0.07852392,-0.07535204,-0.0742016,-0.06782186,-0.07129448
74.93993,-0.07836232,-0.07538694,-0.0741435,-0.06780446,-0.07128308
75.05993,-0.07836942,-0.07538874,-0.0741368,-0.06790716,-0.07124148
75.17992,-0.07837782,-0.07533574,-0.0741301,-0.06792196,-0.07118268
75.29992,-0.07846692,-0.07537204,-0.0741293,-0.06787206,-0.07121058
75.41992,-0.07845382,-0.07532914,-0.0741277,-0.06786366,-0.07128288
75.53992,-0.07850872,-0.07537944,-0.0740987,-0.06788556,-0.07123978
75.65992,-0.07836572,-0.07538784,-0.0741034,-0.06787856,-0.07126218
75.77992,-0.07831862,-0.07529204,-0.0741272,-0.06795846,-0.07123448
75.89992,-0.07837112,-0.07526284,-0.0741445,-0.06795496,-0.07126768
76.01992,-0.07838622,-0.07528304,-0.0741388,-0.06796316,-0.07126748
76.13992,-0.07841552,-0.07535714,-0.0741169,-0.06791486,-0.07127718
76.25992,-0.07836692,-0.07534454,-0.0741123,-0.06791526,-0.07126038
76.37992,-0.07833122,-0.07532064,-0.0740641,-0.06792826,-0.07118758
76.49992,-0.07839802,-0.07525254,-0.0741125,-0.06803086,-0.07124028
76.61992,-0.07844642,-0.07527204,-0.0741569,-0.06801726,-0.07121828
76.73992,-0.07839362,-0.07529304,-0.0741438,-0.06799886,-0.07145918
76.85992,-0.07833422,-0.07533234,-0.0740937,-0.06798156,-0.07130078
76.97992,-0.07830932,-0.07531954,-0.0740946,-0.06798656,-0.07126498
77.09992,-0.07833442,-0.07533084,-0.074108,-0.06809336,-0.07124028
77.21992,-0.07836212,-0.07536054,-0.0741704,-0.06807846,-0.07126298
77.33992,-0.07838072,-0.07527364,-0.0741904,-0.06807806,-0.07132988
77.45992,-0.07836922,-0.07537354,-0.074122,-0.06803856,-0.07133418
77.57992,-0.07829762,-0.07533804,-0.0741615,-0.06806226,-0.07133568
77.69992,-0.07832412,-0.07526754,-0.0741016,-0.06807236,-0.07125918
77.81992,-0.07835412,-0.07524844,-0.0741127,-0.06809896,-0.07127438
77.93992,-0.07839412,-0.07527334,-0.0741314,-0.06807766,-0.07130398
78.05992,-0.07835572,-0.07535684,-0.0741321,-0.06804026,-0.07132108
78.17992,-0.07833412,-0.07533894,-0.0740868,-0.06810106,-0.07128108
78.29992,-0.07830572,-0.07530114,-0.0742138,-0.06812346,-0.07123308
78.41992,-0.07830342,-0.07526694,-0.0742194,-0.06814936,-0.07122088
78.53992,-0.07840092,-0.07529744,-0.0741593,-0.06811236,-0.07122208
78.65992,-0.07833482,-0.07536004,-0.0741219,-0.06807726,-0.07127098
78.77992,-0.07832142,-0.07534194,-0.0740647,-0.06805526,-0.07124798
78.89992,-0.07828012,-0.07534004,-0.0741164,-0.06809876,-0.07120338
79.01992,-0.07829872,-0.07528734,-0.0741672,-0.06818376,-0.07120288
79.13992,-0.07840182,-0.07527294,-0.0741316,-0.06820026,-0.07119388
79.25992,-0.07839842,-0.07525134,-0.0741659,-0.06815736,-0.07125448
79.37992,-0.07837232,-0.07530944,-0.0740723,-0.06812876,-0.07125848
79.49992,-0.07834942,-0.07530524,-0.074088,-0.06813766,-0.07122308
79.61992,-0.07833012,-0.07528474,-0.0740852,-0.06816196,-0.07122678
79.73992,-0.07836922,-0.07525794,-0.0741215,-0.06822836,-0.07122338
79.85992,-0.07836552,-0.07524104,-0.0740887,-0.06816906,-0.07122198
79.97992,-0.07837052,-0.07528454,-0.0741221,-0.06814656,-0.07126418
80.09992,-0.07836322,-0.07529574,-0.0740812,-0.06828556,-0.07122628
80.21992,-0.07834412,-0.07530334,-0.0741076,-0.06827526,-0.07121578
80.33992,-0.07830652,-0.07528384,-0.0741267,-0.06824646,-0.07125788
80.45992,-0.07831802,-0.07526044,-0.074124,-0.06825726,-0.07128328
80.57992,-0.07836422,-0.07530364,-0.0741473,-0.06818346,-0.07127958
80.69992,-0.07835922,-0.07537744,-0.074106,-0.06824086,-0.07130548
80.81992,-0.07823642,-0.07557544,-0.0741453,-0.06821076,-0.07121108
80.93992,-0.07826632,-0.07539154,-0.0741829,-0.06828086,-0.07122218
81.05992,-0.07830472,-0.07523804,-0.0741662,-0.06829316,-0.07121518
81.17992,-0.07828362,-0.07528344,-0.0741737,-0.06830636,-0.07125288
81.29992,-0.07834002,-0.07531254,-0.0740899,-0.06824316,-0.07123858
81.41992,-0.07829532,-0.07532134,-0.0741191,-0.06825016,-0.07122478
81.53992,-0.07830742,-0.07540884,-0.0741744,-0.06827496,-0.07113888
81.65992,-0.07834772,-0.07531174,-0.0741935,-0.06832926,-0.07118668
81.77992,-0.07836882,-0.07528524,-0.0741955,-0.06830946,-0.07125878
81.89992,-0.07835402,-0.07537954,-0.0741665,-0.06825226,-0.07148388
82.01992,-0.07828202,-0.07540514,-0.0741416,-0.06826296,-0.07126828
82.13992,-0.07829672,-0.07539024,-0.0741168,-0.06826886,-0.07124648
82.25992,-0.07832352,-0.07543694,-0.0741883,-0.06835596,-0.07121658
82.37992,-0.07831982,-0.07533094,-0.0742121,-0.06833356,-0.07124758
82.49992,-0.07839042,-0.07531594,-0.0741377,-0.06829466,-0.07126888
82.61992,-0.07830742,-0.07537174,-0.0741039,-0.06826656,-0.07129218
82.73992,-0.07827972,-0.07535354,-0.0740966,-0.06853686,-0.07128098
82.85992,-0.07832152,-0.07531934,-0.0741192,-0.06857436,-0.07125458
82.97992,-0.07838392,-0.07529944,-0.0741622,-0.06835546,-0.07129268
83.09992,-0.07838262,-0.07528174,-0.0741387,-0.06831596,-0.07132928
83.21992,-0.07835552,-0.07530454,-0.0740795,-0.06831736,-0.07132298
83.33992,-0.07832422,-0.07529594,-0.0741302,-0.06836116,-0.07126108
83.45992,-0.07834392,-0.07531514,-0.0741828,-0.06833436,-0.07123588
83.57992,-0.07838402,-0.07523694,-0.0741978,-0.06837756,-0.07127818
83.69992,-0.07835532,-0.07526224,-0.0741193,-0.06859346,-0.07134308
83.81992,-0.07837822,-0.07530234,-0.0740572,-0.06851966,-0.07135478
83.93992,-0.07828782,-0.07531944,-0.0740435,-0.06826466,-0.07127938
84.05992,-0.07832512,-0.07530174,-0.0741145,-0.06833126,-0.07126188
84.17992,-0.07833592,-0.07527194,-0.0741681,-0.06835096,-0.07125878
84.29992,-0.07837962,-0.07524794,-0.0741596,-0.06835406,-0.07129798
84.41992,-0.07835652,-0.07525874,-0.0741493,-0.06835226,-0.07125228
84.53992,-0.07826332,-0.07532664,-0.0740957,-0.06829616,-0.07128338
84.65992,-0.07824192,-0.07528074,-0.0741486,-0.06827986,-0.07122378
84.77992,-0.07827952,-0.07526024,-0.0741547,-0.06838216,-0.07119088
84.89992,-0.07837722,-0.07523494,-0.0741545,-0.06839136,-0.07128248
85.01991,-0.07834872,-0.07523474,-0.0741762,-0.06835876,-0.07126798
85.13991,-0.07835682,-0.07528144,-0.0741252,-0.06833336,-0.07128048
85.25991,-0.07828452,-0.07529504,-0.0740882,-0.06835806,-0.07123648
85.37991,-0.07827622,-0.07524674,-0.0741464,-0.06838526,-0.07124148
85.49991,-0.07834272,-0.07520954,-0.0741861,-0.06835876,-0.07121998
85.61991,-0.07834812,-0.07523064,-0.0741835,-0.06837486,-0.07124638
85.73991,-0.07838942,-0.07521334,-0.0740967,-0.06835526,-0.07128008
85.85991,-0.07837102,-0.07527994,-0.074051,-0.06841826,-0.07123298
85.97991,-0.07825162,-0.07526874,-0.0741196,-0.06832116,-0.07117248
86.09991,-0.07830222,-0.07518724,-0.0741587,-0.06837426,-0.07118288
86.21991,-0.07832732,-0.07520094,-0.0741321,-0.06840696,-0.07124498
86.33991,-0.07834992,-0.07524204,-0.0741357,-0.06835266,-0.07124378
86.45991,-0.07830622,-0.07532524,-0.0741341,-0.06834946,-0.07123268
86.57991,-0.07833632,-0.07524874,-0.0741347,-0.06834526,-0.07118828
86.69991,-0.07833752,-0.07523494,-0.0741919,-0.06840166,-0.07120798
86.81991,-0.07842312,-0.07523914,-0.0742019,-0.06838096,-0.07126478
86.93991,-0.07842042,-0.07527244,-0.0741472,-0.06838296,-0.07138188
87.05991,-0.07827642,-0.07533354,-0.0741241,-0.06832616,-0.07127908
87.17991,-0.07829682,-0.07532814,-0.0741425,-0.06834946,-0.07121748
87.29991,-0.07831902,-0.07533794,-0.0741781,-0.06838246,-0.07122348
87.41991,-0.07840532,-0.07531744,-0.0741907,-0.06840626,-0.07124228
87.53991,-0.07842582,-0.07527724,-0.0741473,-0.06835816,-0.07130388
87.65991,-0.07841292,-0.07534014,-0.0740782,-0.06834106,-0.07123698
87.77991,-0.07826782,-0.07529674,-0.0740848,-0.06834066,-0.07119788
87.89991,-0.07832272,-0.07529144,-0.0741387,-0.06838246,-0.07116138
88.01991,-0.07835342,-0.07521464,-0.0741727,-0.06839196,-0.07119918
88.13991,-0.07836242,-0.07522874,-0.0741812,-0.06841776,-0.07122088
88.25991,-0.07835152,-0.07523804,-0.0741328,-0.06833246,-0.07122298
88.37991,-0.07828062,-0.07528804,-0.074144,-0.06832736,-0.07118908
88.49991,-0.07831262,-0.07533484,-0.0741537,-0.06835496,-0.07115198
88.61991,-0.07830792,-0.07529654,-0.0743058,-0.06840266,-0.07119418
88.73991,-0.07832042,-0.07523814,-0.0741547,-0.06843556,-0.07119718
88.85991,-0.07831662,-0.07528914,-0.0741612,-0.06840996,-0.07123458
88.97991,-0.07826452,-0.07534254,-0.074089,-0.06834536,-0.07120618
89.09991,-0.07826932,-0.07531234,-0.0741335,-0.06831386,-0.07117748
89.21991,-0.07828382,-0.07532644,-0.0742079,-0.06839186,-0.07116318
89.33991,-0.07829042,-0.07523964,-0.0742397,-0.06842216,-0.07118298
89.45991,-0.07832542,-0.07525584,-0.0741945,-0.06842476,-0.07125578
89.57991,-0.07834002,-0.07531364,-0.0741856,-0.06831796,-0.07125858
89.69991,-0.07823412,-0.07528524,-0.0741842,-0.06834036,-0.07121448
89.81991,-0.07824172,-0.07533024,-0.0742244,-0.06839066,-0.07117228
89.93991,-0.07829402,-0.07525074,-0.0742288,-0.06840056,-0.07117708
90.05991,-0.07831372,-0.07525064,-0.0742061,-0.06838836,-0.07127018
90.17991,-0.07825702,-0.07526954,-0.0741614,-0.06844806,-0.07127178
90.29991,-0.07826902,-0.07527704,-0.0741969,-0.06833396,-0.07124548
90.41991,-0.07827182,-0.07529464,-0.0742649,-0.06835016,-0.07121818
90.53991,-0.07832682,-0.07532844,-0.0742215,-0.06837886,-0.07122398
90.65991,-0.07833732,-0.07527134,-0.0742059,-0.06838526,-0.07127588
90.77991,-0.07829942,-0.07527574,-0.0741685,-0.06838516,-0.07127308
90.89991,-0.07835722,-0.07532334,-0.0741732,-0.06846836,-0.07127168
91.01991,-0.07825842,-0.07531404,-0.0741721,-0.06829706,-0.07129928
91.13991,-0.07832482,-0.07529984,-0.0742195,-0.06839316,-0.07121858
91.25991,-0.07831062,-0.07523064,-0.0742131,-0.06841706,-0.07124178
91.37991,-0.07840712,-0.07529154,-0.0741449,-0.06837306,-0.07126638
91.49991,-0.07825892,-0.07531014,-0.0741551,-0.06834186,-0.07125908
91.61991,-0.07825962,-0.07523144,-0.0741452,-0.06829966,-0.07123268
91.73991,-0.07828322,-0.07528374,-0.0742145,-0.06834826,-0.07122498
91.85991,-0.07829142,-0.07520024,-0.0741975,-0.06836706,-0.07119938
91.97991,-0.07831512,-0.07520164,-0.074185,-0.06835726,-0.07141108
92.09991,-0.07827602,-0.07520794,-0.0741504,-0.06835676,-0.07128448
92.21991,-0.07827702,-0.07530604,-0.0741826,-0.06829536,-0.07125008
92.33991,-0.07830482,-0.07529944,-0.074189,-0.06832946,-0.07124018
92.45991,-0.07833612,-0.07532904,-0.074238,-0.06839076,-0.07125418
92.57991,-0.07834702,-0.07538674,-0.0742374,-0.06838296,-0.07132538
92.69991,-0.07833882,-0.07520784,-0.0741436,-0.06836986,-0.07130468
92.81991,-0.07828512,-0.07528094,-0.074138,-0.06831006,-0.07132498
92.93991,-0.07827892,-0.07525644,-0.0741668,-0.06832046,-0.07131408
93.05991,-0.07835282,-0.07527294,-0.0741785,-0.06837566,-0.07130018
93.17991,-0.07836362,-0.07527674,-0.0741939,-0.06840186,-0.07126628
93.29991,-0.07835422,-0.07517454,-0.0741999,-0.06835836,-0.07129488
93.41991,-0.07826222,-0.07527364,-0.074208,-0.06831576,-0.07129518
93.53991,-0.07829082,-0.07526724,-0.0741604,-0.06832386,-0.07126308
93.65991,-0.07832102,-0.07537564,-0.0743235,-0.06835796,-0.07119568
93.77991,-0.07833362,-0.07523364,-0.0742541,-0.06836266,-0.07123948
93.89991,-0.07837092,-0.07515744,-0.0742016,-0.06836346,-0.07127148
94.01991,-0.07834832,-0.07517634,-0.0741354,-0.06830156,-0.07127658
94.13991,-0.07833262,-0.07521434,-0.0740904,-0.06832116,-0.07126048
94.25991,-0.07842812,-0.07521014,-0.0741912,-0.06832246,-0.07121568
94.37991,-0.07839242,-0.07516704,-0.0741799,-0.06836226,-0.07135428
94.49991,-0.07834842,-0.07516524,-0.0741676,-0.06836516,-0.07130598
94.61991,-0.07832612,-0.07517854,-0.0741524,-0.06832186,-0.07126098
94.73991,-0.07828532,-0.07518564,-0.0741294,-0.06828836,-0.07124318
94.85991,-0.07829452,-0.07522614,-0.0741694,-0.06828606,-0.07121118
94.9799,-0.07834732,-0.07519334,-0.0742369,-0.06834296,-0.07124048
95.0999,-0.07830702,-0.07517154,-0.0742378,-0.06836666,-0.07129848
95.2199,-0.07830722,-0.07518164,-0.0741957,-0.06838506,-0.07128338
95.3399,-0.07831812,-0.07521684,-0.074183,-0.06833226,-0.07131388
95.4599,-0.07827182,-0.07522604,-0.0741855,-0.06833546,-0.07162138
95.5799,-0.07830832,-0.07523244,-0.0742447,-0.06835456,-0.07208838
95.6999,-0.07831672,-0.07519944,-0.0742277,-0.06836706,-0.07200828
95.8199,-0.07832172,-0.07517144,-0.0742047,-0.06838776,-0.07182968
95.9399,-0.07841842,-0.07516414,-0.0741694,-0.06840616,-0.07158368
96.0599,-0.07829922,-0.07520344,-0.0741777,-0.06835186,-0.07159308
96.1799,-0.07827302,-0.07520394,-0.0742503,-0.06830936,-0.07155558
96.2999,-0.07834392,-0.07522874,-0.0742602,-0.06833456,-0.07157568
96.4199,-0.07830172,-0.07520624,-0.0742451,-0.06835296,-0.07155318
96.5399,-0.07829212,-0.07516554,-0.0741996,-0.06838316,-0.07151598
96.6599,-0.07825432,-0.07515894,-0.0742123,-0.06836826,-0.07144628
96.7799,-0.07826732,-0.07521574,-0.0742207,-0.06836686,-0.07146378
96.8999,-0.07834182,-0.07519744,-0.0742321,-0.06840056,-0.07157298
97.0199,-0.07831182,-0.07521004,-0.074236,-0.06838736,-0.07150898
97.1399,-0.07828132,-0.07518944,-0.0742016,-0.06832386,-0.07159468
97.2599,-0.07827172,-0.07531004,-0.0742141,-0.06827176,-0.07150618
97.3799,-0.07828432,-0.07524124,-0.0742279,-0.06830116,-0.07122238
97.4999,-0.07832842,-0.07517454,-0.074305,-0.06833016,-0.07127178
97.6199,-0.07840232,-0.07527044,-0.0742378,-0.06835086,-0.07139128
97.7399,-0.07827922,-0.07513134,-0.0741996,-0.06832146,-0.07127518
97.8599,-0.07824622,-0.07515264,-0.07418,-0.06828626,-0.07131418
97.9799,-0.07822522,-0.07521704,-0.0741886,-0.06827446,-0.07172198
98.0999,-0.07824952,-0.07523714,-0.0742307,-0.06829296,-0.07187718
98.2199,-0.07828572,-0.07526414,-0.0742709,-0.06835836,-0.07234168
98.3399,-0.07825052,-0.07520054,-0.074232,-0.06835266,-0.07178238
98.4599,-0.07821772,-0.07521884,-0.074206,-0.06825926,-0.07204768
98.5799,-0.07821132,-0.07524644,-0.0742172,-0.06821876,-0.07186528
98.6999,-0.07822722,-0.07530014,-0.0742677,-0.06824746,-0.07155828
98.8199,-0.07826892,-0.07523524,-0.0743115,-0.06831276,-0.07169188
98.9399,-0.07825592,-0.07520624,-0.0742919,-0.06833086,-0.07186648
99.0599,-0.07824622,-0.07521964,-0.0741481,-0.06832406,-0.07197998
99.1799,-0.07822452,-0.07523904,-0.0741654,-0.06830106,-0.07193558
99.2999,-0.07820612,-0.07528744,-0.0742396,-0.06828646,-0.07180988
99.4199,-0.07824622,-0.07524784,-0.0743042,-0.06831996,-0.07177448
99.5399,-0.07827362,-0.07526244,-0.0743269,-0.06835976,-0.07171438
99.6599,-0.07821342,-0.07524584,-0.0742396,-0.06832226,-0.07163158
99.7799,-0.07820552,-0.07522034,-0.0742458,-0.06828256,-0.07143918
99.8999,-0.07818272,-0.07525844,-0.07425,-0.06827016,-0.07119308
100.0199,-0.07823552,-0.07526254,-0.0743037,-0.06827936,-0.07150838
100.1399,-0.07826872,-0.07524504,-0.0742539,-0.06833036,-0.07139608
100.2599,-0.07828742,-0.07519654,-0.0742718,-0.06833216,-0.07188818
100.3799,-0.07821112,-0.07521184,-0.0742167,-0.06831456,-0.07181758
100.4999,-0.07821132,-0.07523144,-0.0741946,-0.06826626,-0.07146888
100.6199,-0.07821382,-0.07527274,-0.0742681,-0.06827456,-0.07144998
100.7399,-0.07827102,-0.07529244,-0.0742465,-0.06831316,-0.07118768
100.8599,-0.07826632,-0.07520584,-0.0742452,-0.06832486,-0.07125488
100.9799,-0.07830352,-0.07524394,-0.0742178,-0.06831046,-0.07121478
101.0999,-0.07819922,-0.07521244,-0.0742,-0.06835476,-0.07118398
101.2199,-0.07822742,-0.07530874,-0.0742412,-0.06830956,-0.07114508
101.3399,-0.07833292,-0.07531194,-0.0742909,-0.06827396,-0.07117208
101.4599,-0.07828942,-0.07530504,-0.0742864,-0.06829536,-0.07122138
101.5799,-0.07827562,-0.07520834,-0.0742611,-0.06833076,-0.07124718
101.6999,-0.07830102,-0.07516984,-0.0742222,-0.06823806,-0.07141518
101.8199,-0.07830862,-0.07527954,-0.0742113,-0.06824036,-0.07117398
101.9399,-0.07829102,-0.07527294,-0.0742829,-0.06822776,-0.07116468
102.0599,-0.07827572,-0.07529644,-0.0742415,-0.06830686,-0.07114518
102.1799,-0.07828722,-0.07525644,-0.0742338,-0.06831796,-0.07121878
102.2999,-0.07822882,-0.07525974,-0.0742231,-0.06823756,-0.07138328
102.4199,-0.07826022,-0.07529194,-0.0742275,-0.06820166,-0.07119328
102.5399,-0.07832932,-0.07531714,-0.074277,-0.06826056,-0.07115158
102.6599,-0.07834542,-0.07535434,-0.0742152,-0.06831756,-0.07123918
102.7799,-0.07830572,-0.07534084,-0.0742003,-0.06830176,-0.07122928
102.8999,-0.07830312,-0.07522994,-0.0741392,-0.06828376,-0.07141138
103.0199,-0.07824372,-0.07522404,-0.0741622,-0.06827746,-0.07145668
103.1399,-0.07824132,-0.07526784,-0.0742251,-0.06824546,-0.07139948
103.2599,-0.07847542,-0.07526104,-0.0742281,-0.06829346,-0.07144708
103.3799,-0.07834062,-0.07526074,-0.0742441,-0.06829416,-0.07148218
103.4999,-0.07824792,-0.07524604,-0.0741617,-0.06826276,-0.07147018
103.6199,-0.07822662,-0.07521504,-0.0741771,-0.06820176,-0.07150438
103.7399,-0.07821292,-0.07527654,-0.0741677,-0.06823886,-0.07143658
103.8599,-0.07828662,-0.07530394,-0.0742255,-0.06824586,-0.07143868
103.9799,-0.07836702,-0.07527654,-0.0744179,-0.06830356,-0.07141908
104.0999,-0.07830182,-0.07524714,-0.074209,-0.06826816,-0.07147348
104.2199,-0.07828202,-0.07525414,-0.0741566,-0.06826096,-0.07144608
104.3399,-0.07829192,-0.07528304,-0.0741822,-0.06834686,-0.07121268
104.4599,-0.07828832,-0.07531654,-0.0742371,-0.06822086,-0.07125958
104.5799,-0.07832452,-0.07529324,-0.0742299,-0.06826776,-0.07135288
104.6999,-0.07837082,-0.07527634,-0.0741034,-0.06826886,-0.07142368
104.8199,-0.07821712,-0.07525154,-0.0741026,-0.06824096,-0.07125068
104.9399,-0.07820272,-0.07525674,-0.0740837,-0.06824306,-0.07126958
105.0599,-0.07821892,-0.07527534,-0.0741319,-0.06827406,-0.07143768
105.1799,-0.07824942,-0.07529004,-0.0741765,-0.06837026,-0.07131228
105.2999,-0.07829812,-0.07527754,-0.074122,-0.06833156,-0.07122948
105.4199,-0.07826332,-0.07525334,-0.074088,-0.06828556,-0.07119208
105.5399,-0.07824162,-0.07523044,-0.0740702,-0.06819186,-0.07119768
105.6599,-0.07827712,-0.07528304,-0.0741391,-0.06824756,-0.07125308
105.7799,-0.07830772,-0.07527994,-0.0742046,-0.06823406,-0.07155218
105.8999,-0.07830232,-0.07527034,-0.074196,-0.06832106,-0.07131398
106.0199,-0.07830022,-0.07525694,-0.0741102,-0.06827356,-0.07120528
106.1399,-0.07828022,-0.07524794,-0.0741277,-0.06831016,-0.07115418
106.2599,-0.07817892,-0.07528164,-0.0741561,-0.06819236,-0.07114668
106.3799,-0.07822812,-0.07531384,-0.0742214,-0.06820426,-0.07116288
106.4999,-0.07825162,-0.07530724,-0.0742025,-0.06827776,-0.07123378
106.6199,-0.07824062,-0.07524134,-0.0741588,-0.06824926,-0.07118568
106.7399,-0.07823182,-0.07520284,-0.074141,-0.06825786,-0.07117178
106.8599,-0.07827662,-0.07523584,-0.0741675,-0.06819496,-0.07117258
106.9799,-0.07824772,-0.07528374,-0.0742032,-0.06819606,-0.07132968
107.0999,-0.07826132,-0.07524734,-0.0742053,-0.06824896,-0.07147528
107.2199,-0.07829372,-0.07525704,-0.0741775,-0.06829236,-0.07141748
107.3399,-0.07818122,-0.07524314,-0.0740844,-0.06823956,-0.07131228
107.4599,-0.07822322,-0.07521544,-0.0741114,-0.06820666,-0.07127788
107.5799,-0.07824572,-0.07523874,-0.0742162,-0.06820066,-0.07137188
107.6999,-0.07827162,-0.07525374,-0.0741253,-0.06819326,-0.07122508
107.8199,-0.07827002,-0.07536994,-0.0741117,-0.06827146,-0.07129138
107.9399,-0.07819672,-0.07522724,-0.0740516,-0.06825556,-0.07114518
108.0599,-0.07821132,-0.07519274,-0.0741458,-0.06819986,-0.07124958
108.1799,-0.07820952,-0.07527174,-0.0741407,-0.06819506,-0.07114858
108.2999,-0.07827442,-0.07524614,-0.0741363,-0.06818376,-0.07114378
108.4199,-0.07826792,-0.07525874,-0.0741408,-0.06820396,-0.07124558
108.5399,-0.07825132,-0.07525324,-0.0740731,-0.06824516,-0.07125038
108.6599,-0.07824132,-0.07524674,-0.0740243,-0.06819466,-0.07126058
108.7799,-0.07820162,-0.07526364,-0.0740706,-0.06818886,-0.07120928
108.8999,-0.07822902,-0.07530414,-0.0741485,-0.06818596,-0.07120088
109.0199,-0.07829652,-0.07527574,-0.0742399,-0.06820866,-0.07125098
109.1399,-0.07825592,-0.07528854,-0.0741742,-0.06823556,-0.07129178
109.2599,-0.07822012,-0.07523714,-0.0740918,-0.06825406,-0.07137718
109.3799,-0.07824472,-0.07525584,-0.0741297,-0.06816836,-0.07117508
109.4999,-0.07825232,-0.07528134,-0.0741577,-0.06814586,-0.07142528
109.6199,-0.07827332,-0.07528104,-0.0741358,-0.06817836,-0.07132718
109.7399,-0.07827522,-0.07529134,-0.0741298,-0.06823896,-0.07149608
109.8599,-0.07834112,-0.07521074,-0.0740456,-0.06821596,-0.07125678
109.9799,-0.07818922,-0.07520304,-0.0740925,-0.06815426,-0.07118118
110.0999,-0.07823052,-0.07525564,-0.0741142,-0.06815516,-0.07125278
110.2199,-0.07824672,-0.07530594,-0.0741709,-0.06817346,-0.07124358
110.3399,-0.07828642,-0.07526764,-0.0742143,-0.06818066,-0.07127428
110.4599,-0.07827262,-0.07521144,-0.074068,-0.06824426,-0.07122968
110.5799,-0.07824122,-0.07521544,-0.0740614,-0.06821786,-0.07140358
110.6999,-0.07820562,-0.07523044,-0.0740804,-0.06813846,-0.07138788
110.8199,-0.07831162,-0.07528884,-0.0741682,-0.06814786,-0.07127098
110.9399,-0.07827252,-0.07527254,-0.0742151,-0.06819256,-0.07130408
111.0599,-0.07830252,-0.07526934,-0.0741027,-0.06822146,-0.07129398
111.1799,-0.07832322,-0.07521104,-0.0741635,-0.06832826,-0.07125918
111.2999,-0.07826622,-0.07524554,-0.0741714,-0.06826296,-0.07121568
111.4199,-0.07825542,-0.07522304,-0.074195,-0.06815536,-0.07120288
111.5399,-0.07828592,-0.07528924,-0.0741437,-0.06818966,-0.07121338
111.6599,-0.07827362,-0.07525154,-0.0741767,-0.06820526,-0.07126478
111.7799,-0.07828922,-0.07521144,-0.0740673,-0.06820426,-0.07130158
111.8999,-0.07825992,-0.07523034,-0.07401,-0.06813996,-0.07143978
112.0199,-0.07825072,-0.07525824,-0.074122,-0.06813656,-0.07148108
112.1399,-0.07830422,-0.07526394,-0.0741298,-0.06813386,-0.07191368
112.2599,-0.07826862,-0.07526724,-0.0741271,-0.06828036,-0.07184588
112.3799,-0.07827872,-0.07524844,-0.0740933,-0.06834186,-0.07185928
112.4999,-0.07822032,-0.07521954,-0.0741316,-0.06833086,-0.07129688
112.6199,-0.07828582,-0.07521304,-0.0742775,-0.06816896,-0.07123678
112.7399,-0.07833372,-0.07534404,-0.0741691,-0.06813916,-0.07121808
112.8599,-0.07833852,-0.07546054,-0.0741123,-0.06823876,-0.07120488
112.9799,-0.07847332,-0.07529014,-0.0740908,-0.06823226,-0.07128598
113.0999,-0.07855112,-0.07518644,-0.0741047,-0.06825176,-0.07126398
113.2199,-0.07844672,-0.07517934,-0.0740825,-0.06819496,-0.07118868
113.3399,-0.07832202,-0.07527494,-0.0741538,-0.06816346,-0.07131288
113.4599,-0.07829252,-0.07532264,-0.0741165,-0.06820036,-0.07121358
113.5799,-0.07833612,-0.07540064,-0.0740956,-0.06825166,-0.07124258
113.6999,-0.07833682,-0.07528254,-0.074063,-0.06827816,-0.07120718
113.8199,-0.07835672,-0.07519694,-0.0740497,-0.06822246,-0.07119578
113.9399,-0.07835702,-0.07520314,-0.0740519,-0.06819606,-0.07116858
114.0599,-0.07836672,-0.07525904,-0.0740716,-0.06816676,-0.07125568
114.1799,-0.07836842,-0.07524504,-0.0740997,-0.06824426,-0.07124948
114.2999,-0.07831392,-0.07524914,-0.0739977,-0.06821516,-0.07120598
114.4199,-0.07831062,-0.07518464,-0.0740095,-0.06821526,-0.07121648
114.5399,-0.07832722,-0.07521354,-0.0740313,-0.06817406,-0.07118008
114.6599,-0.07836302,-0.07528574,-0.0740459,-0.06816976,-0.07128728
114.7799,-0.07832602,-0.07525814,-0.0741028,-0.06820946,-0.07128178
114.8999,-0.07837972,-0.07526364,-0.0740633,-0.06819636,-0.07125628
115.0199,-0.07831922,-0.07522814,-0.0740649,-0.06817496,-0.07125928
115.1399,-0.07828772,-0.07520744,-0.0740342,-0.06820086,-0.07129438
115.2599,-0.07836852,-0.07523924,-0.074131,-0.06818196,-0.07136618
115.3799,-0.07838842,-0.07524744,-0.0741221,-0.06819786,-0.07126808
115.4999,-0.07836732,-0.07526264,-0.0740454,-0.06825646,-0.07133468
115.6199,-0.07833302,-0.07525034,-0.0740753,-0.06828126,-0.07131138
115.7399,-0.07833462,-0.07523704,-0.0740367,-0.06816046,-0.07132078
115.8599,-0.07830062,-0.07525604,-0.0741075,-0.06811266,-0.07136168
115.9799,-0.07836892,-0.07528584,-0.074114,-0.06812936,-0.07144048
116.0999,-0.07835652,-0.07529144,-0.0740576,-0.06823356,-0.07144338
116.2199,-0.07841052,-0.07528524,-0.0740458,-0.06823336,-0.07123348
116.3399,-0.07830432,-0.07520444,-0.074068,-0.06830936,-0.07124018
116.4599,-0.07832902,-0.07522364,-0.0741356,-0.06818916,-0.07129778
116.5799,-0.07835802,-0.07522274,-0.0740926,-0.06813496,-0.07126838
116.6999,-0.07836122,-0.07523984,-0.0740966,-0.06815556,-0.07149228
116.8199,-0.07833392,-0.07525884,-0.0740182,-0.06817456,-0.07135488
116.9399,-0.07832472,-0.07522144,-0.0740449,-0.06818906,-0.07138938
117.0599,-0.07834762,-0.07520344,-0.0740592,-0.06814526,-0.07130478
117.1799,-0.07839542,-0.07523494,-0.0740832,-0.06810506,-0.07130928
117.2999,-0.07836592,-0.07528214,-0.0740665,-0.06811416,-0.07134328
117.4199,-0.07837012,-0.07524294,-0.0740034,-0.06813056,-0.07136978
117.5399,-0.07835282,-0.07518534,-0.0740251,-0.06821216,-0.07145748
117.6599,-0.07833032,-0.07519604,-0.0740931,-0.06816776,-0.07158318
117.7799,-0.07837192,-0.07519014,-0.0740012,-0.06815076,-0.07150028
117.8999,-0.07836792,-0.07534654,-0.0740652,-0.06809696,-0.07137398
118.0199,-0.07841962,-0.07525284,-0.0740221,-0.06808496,-0.07123478
118.1399,-0.07836782,-0.07517694,-0.0740159,-0.06815486,-0.07128528
118.2599,-0.07833442,-0.07517234,-0.0739899,-0.06819896,-0.07130928
118.3799,-0.07836352,-0.07517364,-0.0740646,-0.06812406,-0.07150708
118.4999,-0.07842372,-0.07524444,-0.0740422,-0.06812486,-0.07156408
118.6199,-0.07842312,-0.07527374,-0.0739834,-0.06814946,-0.07158938
118.7399,-0.07838142,-0.07527374,-0.0740084,-0.06819806,-0.07155268
118.8599,-0.07837062,-0.07518524,-0.0740001,-0.06816706,-0.07149928
118.9799,-0.07835812,-0.07517054,-0.0740755,-0.06812176,-0.07130978
119.0999,-0.07840332,-0.07524094,-0.0740613,-0.06812136,-0.07121178
119.2199,-0.07843272,-0.07524594,-0.0741501,-0.06811856,-0.07124728
119.3399,-0.07841452,-0.07524604,-0.0739701,-0.06819276,-0.07142088
119.4599,-0.07836092,-0.07522604,-0.0740112,-0.06820356,-0.07133888
119.5799,-0.07838932,-0.07523204,-0.0739607,-0.06816756,-0.07136808
119.6999,-0.07846982,-0.07545224,-0.0740285,-0.06811016,-0.07129418
119.8199,-0.07844022,-0.07596544,-0.0740334,-0.06811156,-0.07127478
119.9399,-0.07843032,-0.07604624,-0.0739613,-0.06815146,-0.07129288